nep4 2 C F 
cutoff 6 3 110 24
n_max 10 10
basis_size 8 8
l_max 4 2 0
ANN 40 0
  2.0885657e-01
 -2.4207187e+00
  1.0558672e+00
  1.9491139e-03
 -5.5252798e-02
  8.2298946e-01
  1.2094797e+00
  2.6214798e-04
  4.7290113e-04
 -3.6772672e-02
 -1.5741003e+00
  1.0192270e-04
 -8.9351195e-01
 -5.4747821e-04
  1.1947107e+00
 -1.7396467e-02
 -3.5231041e-03
 -9.0995291e-03
 -2.0914702e-01
  2.4903761e-01
 -1.6938111e-01
 -2.4396226e-01
  1.9159392e-01
  5.8866417e-01
  1.1978501e-02
 -1.3356575e+00
  1.0990110e-03
  3.3332542e-01
  6.5640345e-02
 -4.6130691e-02
  2.4295743e-01
 -3.3838043e-03
  1.2050445e-01
  2.3671673e-01
 -2.3563947e-01
 -1.5074766e-02
 -5.9061620e-04
  2.6647921e-04
 -4.5799213e-03
 -8.9216173e-01
  1.5796064e-03
  1.6807170e-03
  7.6865053e-01
 -3.4000706e-03
  2.8805553e-03
  3.6857713e-02
  1.3709272e-01
  3.1303951e-01
 -9.3583658e-02
 -6.1485428e-01
 -3.7005194e-03
 -1.7105769e-01
 -4.3840014e-04
  6.7433691e-01
  1.3239452e-04
 -4.5073402e-04
  1.5625963e-03
 -3.0645159e-01
 -4.5018885e-01
 -1.1501182e-01
  9.4221300e-04
  3.1028124e-02
  1.8579299e-02
 -1.3351960e-03
  4.3468252e-01
 -1.6907476e-03
 -4.4202459e-01
 -6.0516846e-01
  7.2325164e-01
 -1.4355174e-01
 -5.0155044e-01
  5.4277271e-01
  2.0359537e-02
  1.2119030e-04
  2.3852618e-01
  1.1288119e-01
 -5.5379051e-01
 -5.2203482e-01
 -1.2126147e-01
  3.0107989e-03
 -4.2192790e-01
  1.1765857e-03
 -1.6524333e-03
 -5.1140651e-04
  8.7187385e-05
 -5.6749121e-03
 -1.2700806e-02
  9.9215680e-04
 -7.6116258e-01
  1.7363609e+00
  8.1272453e-02
 -1.5040613e-02
  6.3095450e-01
 -2.7680534e-01
 -1.3290276e-01
  2.5685239e-01
 -8.0645102e-04
  3.3742338e-01
  8.0355340e-01
 -5.2557546e-01
  1.3330259e-03
  6.3823076e-04
 -8.7701809e-04
 -1.6628493e-01
 -4.9505044e-02
 -7.1611401e-04
 -3.1997992e-03
  1.2488274e-03
 -1.2120380e+00
  2.9293592e-03
 -6.6476357e-01
 -5.1720641e-03
  1.3909119e-03
  5.9029484e-01
 -7.0527773e-03
 -3.7471976e-02
  5.1501876e-01
 -2.2209934e-03
  2.9519901e-01
 -2.3415203e-01
  1.8280929e-01
 -4.0014647e-03
  4.8974958e-01
  3.0577771e-02
  2.5486365e-01
  1.3031440e-03
 -4.6742037e-03
 -4.6386551e-02
 -3.1892404e-02
  4.2228214e-03
 -2.8007710e-01
  1.9439629e-03
  6.2095816e-04
 -5.3976542e-05
  1.4966489e-02
  2.4665744e-04
  2.2178847e-07
 -4.3372619e-03
 -2.2733153e-04
  1.1388973e-03
 -8.1560895e-04
 -2.7461052e-03
 -7.8109122e-05
  1.6121457e-03
  2.6366176e-04
  9.0281632e-05
  6.4685079e-04
 -3.9687142e-04
  2.0737797e-03
 -9.3053310e-04
  1.3131511e-03
 -9.1342389e-04
  2.7931786e-05
 -1.5173899e-03
  1.9388391e-04
  1.1046165e-04
  8.0566108e-04
 -9.4528048e-04
  1.5740515e-03
 -1.4300043e-03
  5.1026110e-04
 -1.2791639e-03
 -1.6090942e-03
 -3.6622153e-03
  6.8343512e-04
  3.5069400e-04
 -4.0129591e-03
  1.7089910e-04
 -4.4274455e-04
 -9.0985291e-04
  7.7995157e-04
 -3.0946542e-04
  2.8029971e-03
 -4.2229951e-03
 -2.4382334e-04
 -7.0990180e-04
  6.3855118e-06
  4.3008715e-04
 -5.5624725e-04
 -4.7772475e-05
  2.5708388e-04
 -4.7036042e-04
  7.0428895e-04
 -2.3162237e-03
 -1.9380839e-03
 -1.9365190e-04
 -5.8652526e-03
  3.1659083e-04
  8.4682554e-04
  7.6948584e-04
  5.0572387e-04
  3.9640963e-03
  2.7050101e-04
 -4.5070075e-04
  1.7809968e-04
 -1.1737401e-03
 -1.9982529e-03
  8.0981961e-05
 -1.2609897e-04
 -3.5155058e-04
  2.2746210e-03
 -3.5014872e-03
  8.7998720e-04
  1.3768728e-03
  3.0795422e-03
  4.2230642e-04
 -1.7643036e-04
  8.9410791e-04
 -6.1082137e-06
 -8.4816733e-05
  1.5346014e-03
 -8.8270399e-04
  1.2239858e-03
  8.6591067e-04
 -2.9710981e-03
 -5.1554776e-04
  7.1888318e-04
 -8.4301142e-04
  7.5112964e-04
 -3.4884459e-04
  7.9902873e-04
 -1.5238769e-03
  3.4791131e-03
 -8.3262299e-04
  6.3848689e-05
 -2.1980207e-03
 -1.7951474e-03
  2.3412635e-04
 -7.7353625e-06
 -1.2426361e-04
  1.1090007e-04
 -8.5169688e-04
 -1.7070544e-03
  5.7390751e-04
  8.3759410e-04
 -1.3824677e-04
 -1.0781294e-03
  1.4214311e-04
  4.9603557e-05
  3.1434480e-04
 -7.6397933e-04
  2.4627063e-03
  5.0456142e-03
 -3.4167815e-04
  4.8662993e-04
  5.0781242e-04
  1.2584898e-04
 -2.3280800e-05
 -2.9168124e-03
 -4.5816248e-04
  1.0664419e-03
 -4.8995961e-04
 -9.5742238e-05
 -8.6668268e-04
  1.2525167e-04
  6.7951165e-05
  6.2904309e-04
  1.1216541e-04
 -1.0489670e-03
  8.4647234e-04
  4.1743906e-04
  4.3466181e-04
 -1.4580630e-03
 -1.9123930e-03
  1.6768327e-03
  8.1756742e-05
  1.3079550e-04
 -8.6168083e-04
  4.1303111e-04
  2.6068537e-04
  5.2461703e-04
  7.2569045e-04
  3.4179850e-04
  2.4419118e-04
  1.4742192e-04
  1.6598130e-03
 -3.8198248e-04
  2.0544359e-04
  8.5912825e-04
  1.9495975e-04
 -2.2028330e-04
 -1.0896930e-03
 -1.5521352e-03
 -1.5742976e-03
  1.7439460e-03
 -3.2994460e-05
  4.7427704e-04
 -4.9799838e-04
 -9.8763150e-04
 -1.3180746e-03
  1.2674849e-03
 -1.2935238e-04
  1.6958637e-03
  1.1676947e-05
 -2.3852142e-03
 -1.2950789e-03
  4.8589558e-04
  2.1914093e-04
  2.6308803e-04
 -1.1954060e-03
  1.4374193e-03
 -2.7084889e-04
 -3.3854810e-04
  3.2723867e-04
  8.6355221e-04
 -1.5249476e-03
  1.5674633e-04
  1.1308009e-03
 -2.6373414e-04
 -9.3129749e-04
  9.8936982e-04
 -1.9085703e-04
 -4.6592831e-04
 -1.3042098e-03
 -3.3154106e-04
 -2.2083777e-03
 -9.2879642e-04
  1.5369176e-03
 -2.1658370e-03
  7.4535969e-04
  2.0537105e-04
  9.6509431e-04
  3.3896900e-04
  1.0650958e-03
  6.7399192e-04
  1.0692214e-03
 -4.8491129e-04
  1.4565060e-03
  1.6963597e-04
  1.2664956e-03
 -5.7454931e-04
 -3.3625003e-04
 -2.2961793e-02
 -1.3124971e-03
  5.4069707e-05
  3.4965861e-01
  3.2906126e-02
  5.7108694e-04
 -6.4379704e-04
 -9.6550619e-04
  1.4208248e+00
 -3.4319821e-03
 -1.6096963e-04
  1.2275311e-03
  1.9469367e-04
  1.6436400e-03
  2.0059170e-04
  5.6979654e-04
  2.4861512e-03
 -5.4056831e-03
 -3.1702706e-04
 -2.2342247e-03
  4.0211959e-04
  2.1912863e-04
  1.9227443e-04
  6.1478089e-03
  6.0167455e-04
  5.4569059e-04
  2.6292770e-04
 -3.8304916e-04
 -1.2584425e-03
 -6.7686377e-04
 -9.0869761e-04
  5.4902700e-03
  7.9301069e-04
  2.2017946e-03
 -1.5534855e-03
  1.2956024e-03
 -1.0208604e-04
 -7.3250150e-05
  2.1175968e-03
 -7.8065856e-04
  2.4210994e-01
 -3.3110043e-04
  1.4012364e-03
 -9.0055779e-04
  1.6993728e-04
  5.3600961e-04
  3.7493685e-04
  1.0688682e-03
 -8.2568335e-04
  3.7754004e-04
 -3.2460392e-03
  1.8679674e-03
  3.4000404e-05
  6.7613744e-03
  6.6354510e-04
 -1.6034413e-04
 -2.7481903e-04
 -1.2019468e-03
  1.3785558e-03
  2.2629704e-03
 -1.9000498e-04
 -1.5858339e-05
 -9.2482689e-04
 -1.3724059e-05
 -2.0032909e-03
 -7.6290418e-04
  6.9906604e-01
 -1.4261254e-04
 -4.3661972e-03
 -2.4891675e-03
 -9.9435245e-05
  1.2591565e-03
  1.4082063e-03
 -9.1605194e-05
 -2.4166872e-04
  1.2579589e-04
 -7.0012854e-03
  4.2970225e-04
  8.9799537e-04
  3.8002679e-04
 -3.2092440e-03
  9.4070128e-04
 -1.1673071e-03
  9.6322747e-04
  1.9915535e-03
  1.7963531e-03
 -1.0744469e-03
 -4.8777640e-02
 -5.2553276e-03
 -1.0134988e-03
  1.1957890e-03
 -3.9585371e-04
 -8.2819145e-03
 -1.6500098e-03
  9.0173604e-03
 -1.1355510e-02
 -3.7815759e-04
 -5.5884937e-04
  7.2581352e-05
 -2.0090018e-03
 -3.5154626e-03
 -1.2830599e-03
 -1.0225876e-04
  2.3381930e-04
 -1.0523028e-03
  1.7053779e-04
  1.5102734e-03
  9.4131622e-03
 -6.3988722e-05
 -4.7916230e-03
 -3.7648392e-04
  7.4884796e-04
 -2.0698365e-03
 -1.2386916e-03
 -1.0866484e-03
 -6.2496553e-04
 -4.9230820e-03
 -2.2673875e-03
 -4.2383643e-04
 -8.0631486e-05
  3.7996136e-02
 -2.9505766e-04
 -1.6453931e-03
 -9.9134957e-04
 -2.1208792e-03
  1.7782983e-04
 -2.0765804e-03
  3.6347989e-04
  2.3318313e-03
  4.7024642e-04
 -5.2586145e-04
  7.5208180e-04
  5.4549539e-01
 -1.0619968e-03
  5.0051203e-03
 -2.1055047e-01
  6.1992750e-02
 -2.3623480e-04
  2.5203128e-04
  1.0292708e-03
  5.9033189e-02
  1.1480000e-03
  1.0646405e-03
  5.1102572e-04
  6.7042321e-04
 -2.7263679e-03
  8.2286168e-03
  1.4084759e-05
  2.8653543e-03
  2.1123230e-03
 -4.6198429e-03
 -9.9577308e-02
  3.0511411e-02
  4.1102599e-02
 -2.2783133e-04
  1.5443071e-03
  1.9676664e-03
  1.2191819e-02
  4.3643139e-02
  2.8140759e-04
  9.9707476e-04
  1.3717572e-01
  3.0541157e-03
  1.2079188e-04
  1.6877403e-02
 -1.9341779e-04
 -9.9436298e-04
  1.3105491e-02
 -2.7436714e-03
  1.6636688e-04
 -2.3774948e-04
  2.5681904e-04
 -6.0189428e-04
 -5.1107514e-03
 -5.6634308e-04
  3.3209715e-03
  6.5622741e-04
 -4.6370374e-03
  1.7425501e-03
  9.4523741e-05
 -6.0621946e-04
 -1.3122332e-03
  1.0479968e-03
 -6.6317990e-02
 -2.2956226e-03
 -1.0953242e-03
  3.2788090e-04
  1.7046313e-04
 -2.2202681e-04
  1.3010739e-03
  1.3512108e-03
  3.7770136e-03
 -5.7990931e-04
  4.2793835e-03
  3.6444375e-03
  1.5334889e-03
 -2.0427948e-03
  3.4084078e-04
  1.0951386e-01
  2.2194954e-04
 -3.8271677e-02
  2.7246465e-04
 -3.3563637e-04
  2.1403315e-03
  1.7010483e-03
  1.5725477e-06
  3.2116470e-05
  1.3422094e-03
  8.8894163e-04
  8.7916030e-04
  3.4030579e-04
  1.2509976e-04
 -4.4848626e-03
 -7.4768526e-04
 -2.4361960e-03
 -4.0580894e-04
  8.4099434e-03
  3.5652827e-02
 -3.6574304e-04
  6.6282280e-02
  5.7783030e-04
  9.8796841e-03
 -1.0425348e-03
 -2.5660897e-04
 -3.2995056e-02
  2.8352082e-02
  7.8733516e-04
 -6.3152856e-01
  1.5736905e-01
 -1.4023022e-04
  2.1153432e-03
  9.4821001e-04
 -8.9099802e-07
 -1.6101630e-02
  4.7777753e-04
  5.8355988e-03
 -1.6824540e-02
  7.2660530e-04
  4.9466980e-01
 -5.4247543e-05
 -2.2444611e-03
 -2.6528370e-03
  7.0970775e-05
  7.1268551e-02
  2.2686690e-03
  4.9400628e-03
 -2.1534442e-04
  4.1835778e-03
 -1.0440915e-03
 -1.3744621e-02
  2.5237413e-02
 -7.6066708e-04
  1.0881487e-03
 -1.2503468e-05
  4.0631667e-03
  2.8555542e-03
 -3.0077813e-04
 -1.4149479e-03
 -5.0891918e-04
  3.6742936e-03
  2.8698444e-03
 -3.2525975e-03
  9.4568841e-03
 -2.6079625e-01
 -1.3202032e-01
  5.1303639e-04
  2.0652753e-01
 -2.8389466e+00
  1.2774576e-01
  6.7157125e-05
  3.6792208e-02
 -1.9937828e-01
  1.0495134e-01
 -2.2316895e-01
  6.0726322e-02
 -3.7049263e-04
  1.4939794e-01
  2.7542195e-01
  3.3890072e-01
  3.0847900e-03
 -3.9946800e-01
 -4.3954584e-05
 -4.6570349e-01
  1.2097139e+00
 -1.9261166e-01
  3.9366743e-01
 -5.6236607e-01
 -5.5536324e-01
  8.6514372e-01
  1.2727320e-01
 -3.7328982e-01
  1.6316874e-02
 -2.7184273e-04
  3.8369708e-02
 -2.7029289e-02
 -4.5501664e-01
 -3.3965285e-03
  2.1937150e-03
 -3.9508617e-01
  6.0737956e-01
  1.1234073e-03
  2.3180538e-01
  5.3356946e-01
 -1.1947209e-01
  5.4556638e-01
 -2.8798249e-01
 -1.9016366e-02
  7.2766438e-02
 -1.2358792e-01
  2.3326141e-01
  4.7907867e-03
  2.9813910e-01
  1.9458025e-03
 -8.8925189e-01
 -1.7701497e+00
 -7.7173725e-02
  1.0027432e+00
 -3.2360381e-01
  2.4761204e-02
 -1.9470647e-01
 -3.9711970e-01
  2.2585506e-03
  1.5043606e-01
 -1.3414732e-01
 -1.5075332e-03
 -2.0492338e-03
 -1.1791499e+00
 -8.6994842e-02
  1.1845990e+00
 -1.1016117e+00
  6.7757018e-02
 -2.3357268e-01
  1.1291319e-01
 -1.1247098e+00
 -2.5132036e-01
  9.2422247e-01
  1.0092260e-04
  7.2578728e-01
 -4.4043669e-01
  1.1531789e+00
  1.8214618e-03
  2.3052458e-02
  5.2745029e-02
  1.5395754e-03
  1.3408205e-01
  1.6993930e-03
 -7.1017206e-01
 -1.1984928e+00
  1.3793370e-01
  2.7684546e-01
 -1.3526337e+00
  6.8097055e-01
  2.1769325e-01
 -5.8003336e-01
 -9.9611610e-01
  1.4736722e-01
  1.7936410e+00
 -6.6362190e-01
 -1.6013917e+00
 -8.7136602e-01
 -4.9492899e-01
 -2.8119719e-01
 -1.1418706e+00
  2.6654922e-03
 -4.6657477e-02
  9.3909211e-02
 -1.9279794e-01
  2.4486594e-02
  1.3581844e-01
 -4.9373436e-01
  8.5323632e-01
 -1.0349287e+00
 -4.9316278e-01
 -9.3148328e-02
 -4.1103250e-01
  6.2382635e-02
 -7.5943321e-02
 -3.1227708e-02
 -1.0687790e+00
 -4.6775033e-04
 -6.8775942e-03
 -1.9928226e-01
 -5.8074629e-01
  5.8385613e-03
 -3.2802400e-01
 -9.4339377e-01
  4.4473302e-02
 -1.5984266e-01
  2.6976711e-01
 -3.7695312e-01
  5.8465695e-01
  2.8399013e-03
  6.3659894e-01
 -4.0286216e-01
 -1.1498176e-03
 -1.7817441e-04
  1.1175282e-03
  1.1578942e-04
  2.6816461e-04
  8.1087888e-04
 -4.1108261e-04
 -4.6778904e-04
  2.5093090e-03
  6.1145489e-04
 -8.8645832e-04
  4.1884868e-04
  7.8188001e-05
 -6.3162920e-04
 -3.7461424e-03
  1.5098861e-04
  1.0112332e-03
 -2.5343935e-03
  9.2377979e-04
 -5.0553906e-04
  6.7818029e-05
 -9.3170890e-04
  1.6909631e-03
 -4.8611432e-04
  1.4584998e-03
 -5.0217548e-04
  4.9833390e-05
 -1.6746527e-04
  6.3168741e-04
  1.4416006e-03
  8.1380799e-02
 -4.4698283e-04
  8.6964614e-04
 -5.4191868e-04
 -3.9377905e-05
 -4.0578828e-04
  6.1053009e-04
  6.6419154e-05
  1.3147534e-03
  6.1476504e-04
 -1.0358965e-04
  4.1410068e-04
  4.7222208e-02
 -5.4264994e-04
 -1.7453622e-03
  3.0865488e-04
  4.4158292e-05
 -9.6206024e-04
 -5.5057014e-04
  5.8200699e-04
  8.6946081e-04
 -1.5092421e-03
 -5.7995383e-04
  1.9822783e-04
 -8.6826482e-04
 -3.0436637e-04
  4.3720123e-04
 -8.1506895e-04
 -9.5182122e-04
  1.1710325e-03
 -5.6768890e-04
  7.5174065e-04
  5.3035037e-04
  3.2376095e-03
 -1.1365159e-03
 -5.0048641e-04
  1.4182898e-01
  6.7946941e-01
 -4.6175998e-01
 -1.3977957e-03
  2.0961365e-01
  1.1337445e-01
 -1.0282483e+00
  1.1749357e-01
  5.2105415e-01
  4.9074432e-01
 -5.0551742e-01
 -2.0046871e+00
 -4.8786685e-01
 -2.9499580e-03
 -5.5615950e-01
  5.1739428e-04
  3.6349210e-03
  1.3563021e-03
  8.2490768e-04
  2.8475432e-04
  1.3362199e-01
 -9.1265821e-01
  9.3400854e-01
  1.3182462e+00
 -5.8357090e-01
  5.3516042e-01
 -9.1543257e-02
 -2.1395690e-03
 -6.4887297e-01
 -2.1964380e-01
 -3.8438886e-01
  1.0002499e+00
 -6.0668427e-01
 -8.3673256e-04
  3.3651426e-02
 -1.0223455e-03
  4.2709452e-03
  8.3683763e-04
  3.2013934e-02
  7.6817023e-03
 -2.4421781e-03
 -2.1301961e+00
  1.2633055e+00
  8.6224861e-03
 -8.2002732e-04
 -5.7214183e-01
 -4.5706954e-02
  1.5178044e-02
 -1.9776214e-04
 -1.5564014e-01
 -2.9946017e-01
 -5.0955284e-01
 -2.0747468e-02
  3.0966741e-01
 -9.2114724e-02
 -8.5850775e-02
  4.3416715e-01
  1.0040645e-04
  7.6245081e-01
  4.0480390e-02
  3.7931693e-03
 -1.1712281e-03
 -9.6599630e-04
  5.4007227e-04
 -5.7713810e-02
 -4.0917131e-03
 -1.0004535e-03
  1.5100266e-01
  6.5341043e-01
  1.1533304e-02
  1.1649152e-03
 -9.5068347e-01
 -3.2838941e-01
 -6.0745102e-04
 -4.1211718e-01
 -5.1161531e-02
 -6.0412091e-01
  2.5051463e-02
  7.8277765e-03
  1.6025451e-03
  6.4038493e-02
 -1.0630441e-03
 -3.0642710e-04
  1.4589326e-03
  4.1263935e-01
  9.8420277e-02
  6.8990065e-04
 -2.9754671e-01
  2.7313012e-01
 -4.5027319e-01
  2.2785990e-01
  1.4180179e+00
 -4.7478780e-01
 -2.7254038e-04
  2.1646186e-04
  2.3219006e-01
  1.2306040e-01
  6.4775133e-01
  1.2961249e-01
  2.4591726e-03
  1.5870795e-01
  8.5340237e-04
 -1.0001803e-04
 -5.7107251e-02
 -1.0036660e-03
 -2.2141145e-01
  4.1152644e-03
  1.5515878e-04
  5.2765220e-01
 -2.5653332e-02
  2.4047480e-03
  9.4568156e-02
  2.3205996e-02
 -1.8612593e-03
 -1.5533919e-03
  7.4582017e-04
 -1.3399172e-02
  1.8976536e-05
  1.9087349e-01
 -1.2629658e+00
 -3.1693964e-04
  9.0914144e-04
 -1.6132405e-03
  3.1932470e-04
 -7.3259838e-02
  7.7002088e-04
  1.3626757e-04
  3.2486621e-04
 -1.6675834e-03
  2.2292759e-04
 -4.1862983e-01
  7.3220357e-02
  4.3599118e-02
  1.2675273e-01
  2.4316545e+00
 -8.1388891e-02
  6.5981284e-02
  2.4503565e+00
  1.0775907e-01
 -4.4562067e-03
  1.1915718e-03
  2.6859543e-01
  1.6232750e+00
 -6.3824385e-01
  8.2190871e-01
  3.6761573e-01
  4.6580991e-01
 -3.0099384e-02
 -2.3382863e-01
  5.8347754e-02
  9.7118896e-03
  3.9235186e-03
 -3.5559788e-01
  3.6999789e-01
 -8.1418449e-01
 -7.1887994e-01
  4.0982461e-01
  5.3787225e-01
 -2.6387012e-01
 -1.3247383e-03
 -4.1470951e-01
 -3.9498243e-01
  2.7608436e-01
 -5.4200864e-01
 -3.8191713e-02
 -6.2778992e-05
 -1.1891095e-03
  5.5951567e-04
 -3.2131580e-01
  2.7955134e-04
  3.6856848e-01
  5.2675605e-03
  1.9041756e-04
  2.1100816e-01
  7.5193685e-01
 -4.9590242e-01
 -3.3244526e-04
  2.5170562e-01
  3.0670741e-01
  9.5075226e-01
  8.3101317e-03
 -1.0653237e-01
  4.0931147e-02
  2.5235673e-03
  2.3800473e-01
  6.9954917e-02
  2.9872164e-01
 -3.0391663e-01
  8.3530539e-01
 -2.3376609e-03
  2.9114389e-01
  4.0311411e-01
  4.2196987e-03
 -3.7407922e-03
 -8.4107265e-02
 -2.4820200e-05
 -1.2382352e-01
  1.2480573e-01
  7.1815915e-02
  7.1552418e-02
  1.7437443e-01
  2.9799125e-01
 -7.1632631e-02
  7.0117116e-01
 -5.1245624e-01
  6.0771029e-02
  6.2987661e-01
 -1.2887751e-01
  8.0589211e-01
 -3.5530192e-01
  2.4808658e-02
  3.0606966e-02
  1.8738702e-01
 -1.0938925e-01
 -3.6200058e-01
 -5.1039135e-01
 -1.2731818e-04
  8.0542862e-02
  5.1551664e-01
  5.7611895e-01
 -3.9789352e-01
  1.3804555e-01
  2.9877841e-01
  3.3761683e-01
  5.5222827e-01
  3.0679932e-01
 -1.6037126e-03
  3.2502168e-01
 -1.3258363e-01
  4.0351246e-02
  1.1579530e-02
  1.3575250e-01
 -8.2340784e-02
 -9.5296657e-04
  2.6480653e-04
 -8.8114971e-03
 -1.0096540e-01
 -4.2626181e-01
 -3.9259572e-02
  3.6363626e-01
 -2.7651381e-01
  2.5001943e-01
  4.5682155e-03
  1.6028430e-01
  3.1591905e-03
 -1.1774181e-02
  2.9174292e-01
  2.6815526e-02
 -1.3340551e-01
  1.6929524e-01
 -2.6641789e-01
 -1.3587815e-01
  9.8254248e-02
 -1.2096082e-01
  2.4611792e-01
 -1.1189719e-04
 -4.8999777e-01
  1.7933989e-01
 -2.1384147e-01
  6.8127105e-05
  4.8410817e-05
 -1.1114025e-01
 -4.1772048e-03
 -4.6396502e-03
 -6.6449374e-02
 -1.4598429e-04
 -2.0608044e-01
  1.0690894e-03
 -1.4823416e-01
 -3.6829594e-01
  1.9981344e-01
 -1.5015094e-01
  4.8317087e-01
 -3.2850932e-02
 -2.0014659e-01
  1.4414957e-02
  2.8322029e-01
  3.3638400e-03
  1.6080894e-01
 -1.2880982e-01
  1.1078954e-03
 -1.0574686e-03
 -3.7439389e-03
 -1.6552814e-05
  1.8060653e-01
  2.5182587e-01
 -3.3228025e-02
  4.8765823e-01
  7.5837654e-01
 -2.0244835e-01
 -1.4323570e-01
 -1.5334801e-01
  2.9084122e-01
 -2.2832633e-04
  1.5942108e-02
 -9.3654639e-01
 -5.4311105e-03
 -1.0119180e-01
 -5.9138756e-04
 -2.0044139e-03
  6.1627483e-04
 -9.7061787e-03
 -1.1204496e-01
 -9.8683429e-04
  2.7374530e-03
  1.1731939e-03
 -5.0344908e-01
 -7.6111515e-05
 -2.2485571e-01
 -2.8278457e-02
  5.4903020e-04
 -3.8357938e-03
 -4.7548297e-03
 -6.8056601e-04
 -2.4018334e-01
  7.5089145e-01
  4.7390015e-05
 -1.6446160e+00
  4.9701048e-04
  1.8825039e-04
  5.2213287e-01
 -1.9726143e-03
  1.7250900e-01
  2.3358146e-02
 -4.3278851e-02
  1.9696503e-04
 -9.3461911e-04
  1.0482272e-03
  9.2188156e-01
  6.5409654e-04
 -8.8403016e-02
 -8.1102282e-01
  4.5031136e-01
 -2.3445325e-02
  8.3710819e-01
  8.5921335e-01
  3.4832813e-02
 -3.2203299e-01
 -4.1416296e-04
 -9.6504751e-04
  1.5428834e-01
 -2.7051276e-01
 -2.0977448e-01
 -1.2064630e-04
 -1.1774030e-01
  4.8113685e-02
  1.4588131e-01
 -1.3519671e-02
  1.7208292e-04
  1.1159283e-01
 -2.7764954e-02
 -1.5263012e-01
  1.1429467e-02
 -3.2089224e-01
  5.0023813e-02
 -7.9121366e-02
 -4.6335176e-02
  5.8518513e-04
 -7.8876950e-02
  1.0813876e+00
  5.9503697e-02
  2.4202968e-01
 -3.2737753e-01
 -2.2911064e-03
  3.2728449e-01
  1.8107325e-04
 -3.4116551e-05
 -1.3650564e-03
 -3.4346813e-01
 -5.1860936e-02
  5.0244424e-02
 -5.6083523e-02
 -2.9874444e-01
 -4.0496718e-02
 -9.5422626e-02
  6.4415979e-01
 -1.8142808e-03
 -2.7753562e-01
 -5.7793033e-01
  1.0856586e-01
  2.2200046e-01
 -5.7555336e-01
  4.6060342e-01
 -7.4059421e-01
 -2.6382886e-02
 -2.2249648e-04
  8.4111907e-02
  1.0463343e-03
 -1.3822293e-01
 -2.6921683e-04
  3.4691527e-01
 -4.5059174e-03
  3.2696348e-01
  1.8646121e-03
  2.0785337e-02
  3.6656103e-01
  7.9844490e-04
  6.1963241e-05
  2.0532475e+00
  8.8628054e-02
  4.9346336e-04
  8.3702512e-02
  9.7790845e-03
 -1.6532914e-03
 -8.9963415e-04
 -4.0725237e-04
  5.1328176e-01
  3.3240512e-03
  3.5796623e-04
  1.3252727e-03
 -1.7035140e-04
 -3.1133211e-04
 -1.0958954e-03
 -4.4710517e-02
 -1.7251520e-03
  1.0079829e-03
  2.3230491e-04
 -4.6014958e-03
  3.2081762e-03
  5.7162857e-01
  4.4685949e-02
  1.3928639e+00
  8.2319431e-02
  1.3366370e-03
  1.4442071e-01
  5.8958400e-04
  9.7001228e-04
  3.1074208e-01
  5.1206201e-01
  2.2018475e-02
  1.0676786e-03
 -5.3329777e-04
 -7.2727847e-04
  5.7589507e-04
  1.2942905e-03
  8.5506515e-05
  1.2220435e-03
  4.5076857e-04
  2.7829370e-01
 -3.2149912e-03
  4.1558021e-03
  2.9379764e-04
  1.8261182e-03
 -1.7886389e-02
  9.6084853e-04
  1.2856015e-03
  2.5709823e-04
  2.0831022e-04
  1.7551167e-03
  3.1557688e-01
 -9.8297758e-05
 -6.9680769e-05
 -1.9230787e-01
 -2.0903394e-04
  2.0012509e-02
 -4.5828391e-02
 -5.4765155e-04
 -2.9558633e-04
  3.1841776e-04
  7.1372348e-04
 -1.7631598e-03
 -3.8935052e-04
  7.4947794e-04
 -2.7910462e-03
  1.0839960e-03
 -6.7019934e-04
 -2.2812006e-03
 -3.1485809e-03
  3.2675435e-04
 -7.2410627e-04
 -1.7829157e-03
 -1.7374143e-03
  5.8209588e-04
 -4.9221440e-04
 -1.6289315e-03
 -3.0603379e-03
 -2.3004702e-01
  1.1544495e-03
  1.9388159e-03
 -9.7642129e-04
  2.0506126e-03
 -2.8518264e-03
 -2.9776394e-04
 -1.4445254e-04
 -2.8108018e-03
 -9.1589079e-04
  3.3358589e-04
 -1.5530780e-04
  1.7984131e-03
  2.0582351e-04
  1.6575340e-03
  1.0253344e-05
  4.7030643e-04
  8.8009215e-04
 -1.4153289e-02
  2.6516602e-05
  7.9697382e-04
  2.8787888e-05
  8.4696157e-04
  5.7821744e-04
  3.7285646e-03
  3.3025519e-04
  2.7796859e-03
  8.4985228e-04
 -4.0409624e-04
  3.8376311e-04
  8.0178247e-04
  9.9871645e-04
  2.0124640e-03
  2.9659750e-05
 -2.4845372e-03
 -2.0918656e-04
  1.4953894e-03
 -1.7041877e-03
  3.7240374e-05
  4.0960261e-03
  6.9524947e-04
 -3.4436290e-04
  6.2327876e-05
 -1.6735961e-04
  1.1673910e-04
 -1.2438460e-03
  4.6157871e-05
 -1.6858792e-03
 -3.0617765e-04
 -2.1790494e-05
  8.3680073e-04
  9.9780795e-04
  1.1249407e-01
 -1.0228082e-02
  1.0207987e+00
 -2.9684652e-02
  2.3039731e-03
 -8.5409665e-01
 -8.6035711e-01
 -7.2750435e-03
 -4.4897690e-01
 -3.7860118e-02
  6.1457616e-01
  3.8742006e-01
 -6.7186052e-01
 -4.3108699e-01
  8.9023095e-01
  3.8470587e-01
 -2.3766574e-02
 -1.1775415e-02
 -1.9282246e-03
 -7.3449343e-04
  2.7460861e-01
  4.5286538e-03
  3.7268717e-02
  5.1771224e-01
 -5.8618578e-04
 -2.6704594e-01
  1.0381558e-01
 -2.0079982e-02
  5.1590498e-03
 -3.2515916e-01
 -2.6218238e-01
 -1.0506419e-01
 -4.5314917e-01
  8.8809806e-01
 -1.3773859e-01
 -2.2046254e-03
  1.7792587e-01
 -2.5816521e-01
  1.0373254e-02
  1.0134920e-03
 -4.3901024e-04
  7.2804713e-03
  9.8341638e-01
  5.2667570e-01
  4.8168784e-01
 -6.4399697e-02
  1.2346600e-03
  4.8448801e-01
 -7.0787095e-02
  1.4555047e-01
  2.3189361e-01
 -9.7345631e-04
 -4.0829688e-01
 -9.1252071e-01
 -1.3093753e-03
  6.3268177e-02
  4.4402044e-02
  3.9928630e-01
  1.2919708e-01
 -3.3085960e-01
 -1.7826905e-02
  1.0373683e-02
  6.0967426e-04
  2.4855842e-03
 -2.9203659e-01
  5.4106051e-03
 -1.8016808e-03
 -9.0118876e-04
  7.9259201e-04
  6.6663284e-04
  6.7342400e-05
  1.6889194e-04
  6.5558485e-04
  8.9159387e-04
  3.5224459e-04
 -1.1677076e-03
  1.5980910e-03
  1.7504165e-03
 -7.1325537e-04
  1.0808452e-04
  6.3592265e-04
 -1.2069823e-03
  2.2699124e-04
  4.7204539e-04
 -8.9717557e-04
  1.5071539e-04
 -1.0556133e-03
 -8.5196842e-04
 -2.5118198e-03
  2.7025962e-04
  7.0357911e-04
 -4.4497874e-04
 -5.4295513e-05
 -9.8697015e-04
 -6.2275351e-05
 -4.1902090e-06
  3.8368037e-04
 -5.9524388e-04
  8.8017469e-04
 -3.7429732e-04
 -2.2517957e-03
 -3.3291924e-04
 -3.1787571e-03
 -5.0166901e-04
  3.7352634e-03
 -1.0276533e-04
 -1.6524937e-03
 -1.1248137e-04
  8.0815313e-04
  1.4393372e-04
 -2.1248401e-04
  2.1915075e-04
  2.7994905e-04
  2.8476905e-04
  1.3118387e-03
 -2.0124030e-03
  3.1855001e-04
 -9.1252435e-04
  7.7341095e-04
  3.7840765e-04
  1.2386431e-03
 -7.7539467e-04
  4.5213979e-05
  1.8193935e-04
  1.8814062e-05
  1.1708688e-03
 -3.0170339e-03
  2.4693960e-04
 -2.0288059e-03
  6.5273867e-04
 -1.2532007e-03
 -2.0196640e-04
  4.0250756e-02
 -8.8702714e-01
  3.2689890e-01
 -7.0430197e-02
 -1.6846594e-03
 -5.6949413e-01
 -8.1237644e-02
  9.1041490e-02
 -5.0755590e-04
  5.1461297e-01
  5.7069629e-01
  4.5161847e-02
 -3.9587677e-01
 -4.1489088e-04
 -2.6670772e-01
  2.4011715e-01
 -3.0987209e-03
  2.3555096e-04
  6.4024469e-04
 -1.6848660e-05
 -2.2514847e-03
 -4.6006361e-01
  9.6987316e-04
 -1.1098170e-01
 -2.2416748e-01
 -1.2866536e-01
  2.0686798e-02
 -1.4366407e-03
 -1.2277380e-01
 -4.7476874e-03
 -1.0955994e-03
 -1.8436590e+00
 -4.8137965e-04
  6.8034618e-03
 -2.5622433e-04
  2.1351238e-04
  1.3377425e-03
  1.5549331e-03
  2.0368974e-01
 -4.2727750e-04
 -3.6467833e-04
 -3.6966580e-04
 -3.5534969e-01
  1.1421760e-01
 -5.7120560e-05
 -6.8616390e-04
 -9.2892576e-04
 -4.8233699e-02
 -1.5166381e-03
 -7.1036987e-02
  1.1939800e-03
 -2.0327087e-01
  8.8342087e-04
 -1.3957140e+00
 -2.9217038e-01
 -2.8916786e-04
 -7.5324684e-02
  7.2602976e-05
  1.6935913e-02
  1.2361807e-03
  6.0439127e-04
  4.3357111e-04
  1.5534637e-03
 -7.0497050e-04
  1.3411014e-03
 -1.8760376e-03
  3.1456625e-04
 -3.3193076e-04
  1.6243212e+00
 -8.2454579e-05
  1.1651099e-03
 -3.1536168e-03
  1.2706395e-04
  5.7915063e-03
 -4.4116672e-04
 -7.6831295e-04
  3.0278624e-03
 -1.9022557e-03
  1.0048714e-03
  7.0794753e-04
  6.2056800e-04
  7.9239201e-04
 -2.1269264e-04
  2.2765272e-04
 -1.6926631e-04
  5.1947456e-04
  1.3358674e-05
 -4.6416465e-04
 -5.4072024e-04
 -1.0136910e-02
 -1.3387140e-03
 -1.8156179e-04
  5.6492147e-05
  1.3008844e-03
  2.2333160e-04
  3.9888415e-04
  3.3628862e-04
 -2.7975478e-04
 -3.0211497e-03
  1.2099606e-03
 -4.2474674e-04
  9.2376303e-04
 -2.8601753e-05
  8.2267507e-04
 -2.4342201e-04
 -1.1186372e-04
  5.0265167e-04
 -3.1601169e-04
 -1.2316704e-02
 -9.9295215e-04
  6.7054731e-04
  1.3784524e-04
 -1.0425304e-03
  2.6137275e-03
 -1.5736100e-03
 -2.0829884e-03
 -7.6033169e-04
 -2.7547899e-04
 -5.0957163e-04
 -2.0784051e-03
  7.0075452e-04
  5.8832450e-04
  8.8576009e-05
  2.7777386e-04
 -5.5872364e-04
  3.7915009e-04
  2.9834523e-04
 -2.8198438e-03
  1.0912677e-03
 -3.1413481e-04
 -1.2079880e-04
  1.0873856e-03
 -2.0723783e-03
 -6.2484381e-04
 -3.1361482e-04
 -3.6348912e-04
  1.4286120e-04
 -1.0526740e-01
 -2.5705551e-04
  2.9022438e-05
  1.0989532e-04
 -8.5566897e-04
  9.3562949e-01
 -5.9558500e-02
 -9.9196716e-04
 -1.8425271e-04
 -6.5595092e-04
 -1.9537860e-03
  1.9655214e-03
 -3.8564557e-04
 -1.0412636e-03
  3.6791349e-05
  4.2489800e-03
  6.8166940e-03
 -4.6120863e-02
 -1.2406339e-02
 -2.0916346e-03
 -1.3386202e-04
  1.9213230e-03
 -6.8757683e-04
 -3.7874851e-02
  1.7889711e-04
 -1.0424978e-04
  4.2791918e-04
 -7.9194434e-02
  1.3733119e-03
 -3.6604896e-03
 -1.0597904e-04
  4.9539283e-04
 -1.2000970e-05
 -1.6479939e-03
  2.1057595e-03
  6.2797139e-05
  1.2276575e-04
  9.2970185e-02
  3.0948215e-03
 -6.0569443e-04
 -8.2543294e-05
  7.7151451e-03
  2.5046544e-04
  2.9732802e-04
 -3.2406102e-03
  1.1068030e-03
  9.9268956e-03
  7.2208478e-04
 -1.6535741e-01
  2.0364255e-03
  6.3744577e-05
  4.0564165e-03
  7.2797993e-04
 -1.1054323e-01
  1.4168301e-03
 -4.4100487e-04
  1.7277112e-03
  2.2050075e-03
 -1.0415147e-04
  9.5127337e-04
 -4.1004024e-03
 -3.7526283e-03
 -1.2047575e-03
 -2.1409091e-01
 -1.7674452e-03
  3.5064435e-03
  6.8757276e-05
  4.7173857e-04
  9.0566976e-04
  5.5464811e-04
  9.0952078e-04
 -8.7912101e-01
 -1.8967999e-03
 -1.1380444e-03
 -5.2488374e-04
 -1.3692941e-03
 -8.5560972e-04
 -1.8550149e-04
  4.9609732e-04
  1.3631558e-02
  3.2673974e-04
 -1.2880126e-03
 -3.7572518e-02
  5.1938486e-01
  1.5088001e-02
  1.0450055e-03
  1.1557569e-01
  1.1416529e-02
 -1.2727844e-03
  6.2362812e-02
 -1.0608180e-02
  5.6103664e-04
  4.0009147e-03
  1.0794625e-03
  1.6667802e-04
  3.4478173e-04
 -1.1546667e-03
  2.3668264e-03
  3.5888823e-03
  2.0321766e-03
 -5.7523213e-03
  9.5225556e-04
 -6.1793171e-04
 -1.5166534e-01
  5.0854497e-04
 -1.6992339e-03
 -5.0293491e-04
 -4.8765605e-03
 -6.3802332e-02
  6.9638270e-05
  3.4272569e-04
  1.0541050e-03
 -8.5040651e-02
  1.3765094e-03
  5.3279437e-02
 -1.3324687e-03
  4.5753276e-04
 -2.1961718e-03
 -1.1562207e-01
 -1.6446653e-01
 -7.3104869e-03
  1.7572277e-03
  2.7706889e-03
  2.3532733e-03
 -8.0155104e-04
  2.8107043e-03
 -7.8798737e-03
  5.1496257e-03
 -4.0046714e-02
  4.3493476e-02
 -2.7369978e-04
  5.1387999e-04
 -7.7530488e-02
  3.4312576e-01
  7.9760887e-03
 -2.6709406e-04
  7.7392161e-02
  4.8473266e-01
  2.3379637e-04
  1.0772249e-01
  2.0427741e-04
  1.3722017e-03
 -1.4169822e-02
  1.5073189e-03
 -3.1860322e-02
 -1.3333850e-04
 -4.7636573e-04
 -1.6718706e-02
  8.2437694e-04
 -5.5777736e-04
 -1.2677934e-03
  4.0999692e-04
 -5.1579073e-02
 -1.2291665e-01
  9.2870794e-02
  1.3108921e-01
 -7.2599180e-02
  4.0676380e-03
  2.3657766e-03
  1.9620135e-01
 -2.1386696e-03
  2.2170215e-03
 -2.7651077e-03
 -4.5189474e-02
  6.0766410e-02
  3.6509363e-03
  1.0715095e-04
  1.7246010e-02
 -7.0964918e-04
  1.9720222e-03
 -1.3185176e-01
  7.0612296e-03
  2.1313962e-02
 -8.6335316e-03
 -2.2826609e-04
 -1.3279826e-04
 -2.8124257e-04
 -6.4768806e-02
 -2.7170497e-01
  3.9977517e-02
 -2.7978384e-01
 -3.0454579e-03
  3.2402407e-02
  1.3318164e-03
 -4.4695369e-04
 -9.9312922e-04
  5.8069178e-03
  1.8273716e-01
 -1.2069525e-03
  1.2081197e-03
 -1.1424645e-03
  8.1989694e-01
 -2.4419711e-03
  2.4092356e-03
 -7.3075690e-04
 -1.5824883e-03
  5.6124170e-04
  7.6651986e-04
 -1.7484952e-03
  4.4946882e-04
 -2.1830106e-03
 -2.5426669e-04
 -6.4437109e-04
 -4.5345258e-04
  2.0104351e-03
 -1.5822539e-04
  1.3015269e-03
  6.7816436e-04
 -7.4235065e-04
 -5.2710267e-04
 -1.5003725e-04
  2.3572633e-04
 -5.1765344e-03
  8.6167391e-04
  5.6267343e-04
  1.3810101e-04
  2.5409466e-04
  3.1148057e-04
 -7.7125890e-04
  1.2321776e-03
  5.2514060e-05
 -1.8605625e-03
 -8.7428052e-04
 -1.5758780e-03
  2.4606700e-03
  6.4849888e-04
  1.3224278e-03
  6.3569361e-04
 -1.8824883e-03
 -1.5336416e-03
  4.2296309e-04
  8.2731806e-04
 -6.2787510e-04
  6.9334527e-04
 -2.4150372e-03
  1.4011010e-03
  3.2502244e-04
 -4.8698898e-04
 -2.2276863e-03
 -8.6456520e-04
  5.6586548e-04
  9.0009166e-04
  1.7815039e-03
  3.6272759e-05
  8.1772817e-04
 -1.9929076e-03
  1.0798578e-03
 -1.6797973e-04
  2.0037947e-04
  2.6691903e-03
 -2.6490376e-03
 -8.7198877e-04
 -2.2182080e-03
 -1.5098459e-04
  3.2699641e-03
 -1.1278293e-03
  8.9853234e-04
  2.1937635e-06
 -2.8331706e-04
 -1.1059787e+00
  3.4927925e-01
  5.8191919e-01
 -6.8171479e-02
 -6.3309813e-01
  9.9735394e-02
  3.7410360e-02
 -2.1061511e-01
  5.7077068e-01
 -3.1795374e-01
 -3.0378720e-01
  6.2372071e-01
 -9.2050657e-02
 -1.4631029e+00
  8.6365581e-01
 -1.6383133e+00
 -1.4305005e-02
 -5.7707769e-01
  9.0199903e-02
  1.4961687e-01
 -7.7972108e-01
 -5.0891495e-01
 -6.6376615e-01
 -9.4062127e-02
  1.1737359e+00
 -5.0984734e-01
 -7.6313831e-02
 -2.5585476e-01
  5.4687643e-01
  1.7839642e-01
 -6.0215592e-03
 -8.3161831e-01
  1.9713297e-01
  4.6064310e-02
  6.7728084e-01
 -7.8822501e-02
  5.0277391e-04
 -8.4183097e-04
  3.4963918e-01
 -5.0202566e-01
  2.0938832e-01
 -4.9110341e-01
  2.5685198e+00
 -7.6306006e-04
 -1.3821914e+00
  1.4679524e-01
 -3.2693699e-01
 -1.1890703e+00
 -3.3290982e-01
  7.9794180e-01
 -5.5473542e-01
 -2.8741300e-01
 -8.5090157e-03
 -2.8309831e-01
  4.7296185e-02
  1.6413967e-03
  7.2214812e-01
 -3.5855986e-02
  1.8476802e-01
  3.8251710e-01
  1.3535511e-02
  6.4827022e-05
  1.3703457e-01
  1.3129417e-03
  9.0152192e-01
 -1.9497967e-01
  6.5059192e-04
 -4.3699224e-03
  1.4151157e-01
 -4.4029686e-03
  5.4497789e-03
 -5.7556399e-04
  8.8955879e-02
 -3.0917954e-04
  1.7597742e-03
  1.3670786e-03
 -5.7081115e-01
 -7.4838882e-04
  3.2347925e-02
  1.0172706e-03
  1.8939070e-03
 -2.8756284e-03
  1.6872557e-03
  6.5754581e-04
  8.9145619e-03
 -3.1939990e-04
 -2.6346957e-02
 -6.4376961e-03
  2.9764727e-02
  4.3041643e-02
  3.7038731e-04
 -5.3590210e-03
  5.1979581e-04
  2.7049961e-04
  2.2045022e-02
 -4.0429036e-04
 -6.2956533e-05
  2.1734750e-02
 -6.0633975e-03
 -2.4694912e-04
  2.8242805e-04
 -1.8258974e-03
 -1.7635135e-05
  1.5068500e-03
  1.6001016e-03
 -4.2844005e-04
 -2.9724123e-04
 -2.6814386e-03
  2.1835882e-04
 -1.6612516e-03
  1.1789707e-03
  1.5487727e-03
 -6.9439755e-04
 -2.3035169e-02
  6.3638203e-04
  5.3209937e-05
 -1.8528786e-03
 -1.3939365e-03
  2.1101919e-03
  1.9743605e-01
 -1.7294796e-03
  5.7994975e-03
 -3.6636060e-03
  1.4434208e-04
 -2.3995433e-03
 -3.5058010e-02
  3.5748996e-03
  3.5683634e-03
 -1.3280069e-04
 -7.9232435e-05
  2.9690270e-03
  1.0536154e-03
  2.0632879e-01
  9.5648825e-01
 -1.5935516e+00
 -7.7659992e-04
 -6.7729712e-01
  5.9421730e-01
 -6.5692544e-01
  2.1473584e-01
 -3.0202155e-03
 -6.0126406e-01
 -6.0202349e-03
 -1.4975385e-01
  5.7579635e-04
  1.9898019e-03
  1.7083932e+00
 -4.1593675e-02
 -2.2760607e-01
  2.3866230e-01
  6.9964561e-04
  2.8755196e-04
  1.8591532e-01
  7.0759857e-01
 -1.0117874e-01
 -2.9141316e-01
  3.6039251e-01
 -4.3506643e-01
 -3.4393977e-02
 -7.0873327e-03
  1.1743156e-01
 -3.5846338e-01
  3.8781345e-02
 -3.5838459e-02
  3.1589365e-01
  7.1381708e-04
 -3.7250906e-02
 -4.7646204e-04
 -2.2285474e-03
 -3.6541957e-01
  3.7203336e-04
 -1.4400488e-02
 -1.8717634e-03
  1.1015665e-01
 -1.2447374e+00
  8.3785433e-01
  8.0707021e-02
 -2.2046726e-02
  9.6659809e-03
  5.4647738e-01
 -1.9793017e-02
  2.1491754e-01
 -4.0450180e-01
 -5.7326201e-02
 -1.2262593e-03
 -8.1646793e-02
  1.8498468e-01
 -5.6115969e-04
 -1.0016333e+00
  4.0477544e-01
 -1.8669695e-01
  1.2107391e-01
 -1.3222896e-01
  1.0339722e-01
 -2.1490226e-02
  1.3912974e-04
  9.1469514e-01
 -7.6904720e-01
  3.8255453e-06
 -2.6971562e-04
  1.2664138e-01
 -7.0436113e-04
 -3.4163703e-04
  1.4143492e-02
  4.8619349e-04
 -2.9912062e-03
  4.8477802e-01
  1.2924874e-03
  9.0159965e-04
  3.0605174e-03
  7.0138852e-04
 -4.7400195e-04
 -8.8455563e-04
 -1.4890365e-03
 -2.3661676e-04
 -4.3196895e-04
 -1.7984518e-03
  5.3503378e-03
 -2.7131119e-03
  4.8348966e-06
 -6.1861367e-04
  6.1883491e-02
  4.4938238e-04
  8.5787557e-04
 -2.8449707e-03
  8.2565425e-04
  6.1661378e-04
  2.5262164e-02
  1.5524931e-03
 -2.0214419e-01
 -3.2957904e-03
  2.5640330e-03
 -6.2468418e-05
 -7.6759687e-05
 -4.4202218e-03
 -1.8043628e-04
  5.3962535e-04
 -2.7768541e-04
  1.1949104e-03
 -5.1629019e-04
  4.3449825e-01
  1.0888615e-03
 -1.8870264e-03
  1.8212640e-03
 -9.9241897e-04
  3.5879604e-04
  7.2454847e-04
 -3.0417298e-03
  1.1222791e-03
  1.3046142e-03
  9.9996373e-04
  4.4254580e-01
 -1.9681202e-03
  3.7429819e-04
  1.0993496e-03
 -7.5730652e-04
  9.9614693e-04
 -1.2449657e-03
  1.7465840e-03
 -4.6436145e-04
  1.3353124e-04
 -3.4601710e-04
  7.7767734e-04
  8.0749276e-05
  1.0699922e-03
 -3.1843036e-03
  1.0181307e-03
  3.3669861e-04
 -1.0904177e-03
  5.8495253e-04
 -2.6765207e-04
 -7.5206073e-04
  1.0833116e-03
  1.5468964e-03
 -1.0785020e-04
 -8.4672334e-05
  6.2430376e-04
 -1.6840040e-03
  1.0326031e-03
  1.9797428e-04
  6.6333485e-04
 -2.1062743e-04
 -2.7015194e-04
 -3.7412180e-04
  3.7911630e-04
  4.9480516e-04
  2.6181419e-04
 -3.9437335e-04
  2.7440616e-04
  9.7377412e-04
  4.3016628e-04
  4.2129002e-04
  1.0568915e-03
  5.1374362e-05
  6.4282166e-04
  9.2769525e-04
 -4.3597077e-03
  1.9553016e-04
  1.5459821e-04
  6.7202731e-05
 -9.3423156e-04
  1.2204148e-03
  3.5241526e-03
 -3.0545238e-04
  2.0908115e-04
  2.0120658e-03
 -4.2718984e-03
 -1.1163268e-05
 -9.6228026e-04
 -1.0085057e-03
 -1.4200334e-04
 -1.0444358e-03
  6.3502503e-04
 -7.8233168e-04
  1.7518571e-03
 -1.2222209e-04
  6.4779411e-04
  1.1465971e-03
  3.3018241e-05
 -2.0663805e-04
  1.9084445e-04
  4.5591861e-04
 -3.0434788e-03
  5.6680368e-04
  1.5507070e-03
  1.3177819e-03
 -1.9436516e-04
  3.9624437e-03
 -6.7366578e-04
 -6.0775841e-04
 -8.5599786e-01
 -4.0928543e-01
  3.2625741e-01
  2.6402774e-01
  4.3103755e-01
  1.4392889e-02
  2.6213992e-01
 -1.5215608e+00
  6.3681448e-01
 -1.9261505e-01
 -5.3508155e-02
  1.1158903e+00
  5.9257054e-01
  5.1887798e-01
 -7.6763862e-01
 -2.8647056e-01
 -3.9954355e-01
  2.6137102e-05
  2.7605158e-01
 -2.6472870e-03
 -4.1756290e-01
 -6.6567352e-03
 -1.1437585e+00
 -7.8744763e-01
 -1.8475310e+00
  1.2345655e+00
 -8.3056301e-01
 -1.2626705e-01
  3.8210022e-01
  2.8599897e-02
 -2.0693406e-02
 -3.1386065e-01
 -8.6914569e-01
  3.8834983e-01
 -5.1768070e-01
  2.5773786e-03
 -5.1549618e-04
 -7.0815779e-02
 -1.6006818e-01
  6.2344529e-02
  5.0679320e-01
 -2.8786759e-03
 -3.7664661e-01
  3.4516037e-01
  7.8677779e-01
  4.4249417e-03
 -1.5718260e-01
 -2.4493279e-01
  5.0745296e-01
  2.7344790e-01
 -2.6330989e-02
  3.1707552e-01
  1.1858285e-01
 -1.0598329e+00
  1.4383880e+00
  1.5603052e-01
 -7.2658116e-01
  5.7631922e-03
 -1.7128284e-01
  1.8822500e-01
 -1.5781273e-04
 -1.1505518e-01
  7.1736157e-02
 -2.3822825e-01
  1.4530702e-01
  2.5965939e-05
  1.9528048e-05
  3.6653106e-03
 -1.1202345e+00
 -1.3664564e-04
  1.9665076e-03
  7.6464796e-01
 -2.8757474e-01
  3.2673066e-04
  2.4673034e-04
 -2.9540731e-04
  1.3917164e+00
  1.4847575e-01
  2.8591794e-01
  3.1100004e-04
 -4.3425374e-03
 -1.8602053e-03
  4.5779641e-03
  8.8336680e-04
  1.8354760e-01
  8.3549140e-04
 -1.0464350e-03
 -3.2316111e-02
  2.9476680e-02
  3.1185314e-01
  3.4216166e-04
 -8.7047946e-01
  2.0616123e-02
  2.2555333e-01
  6.4924531e-02
  2.0235004e-04
  1.2141366e-03
  2.2981507e-03
 -4.5356114e-04
 -1.5534454e-03
  6.5376720e-04
  3.7003975e-04
 -1.6524951e-03
  4.5986134e-03
  2.9492247e-04
 -3.7871217e-03
  9.0949924e-04
 -3.5481629e-04
  4.3803248e-01
 -1.3835864e-03
  1.1976336e-01
  5.0825451e-02
  7.9278444e-04
 -3.2409516e-03
 -1.3000857e-04
  2.0375772e-01
  4.0936147e-04
  1.3506237e-03
  7.9930678e-04
 -1.3843639e+00
  1.4268780e-03
  7.4683492e-05
 -3.1975601e-03
 -1.0665720e-03
 -1.3593925e-03
 -7.7985860e-03
 -7.4947928e-04
  3.1364258e-02
 -9.7359443e-04
  5.0070352e-04
 -3.1741537e-02
  7.3255583e-06
  4.8994413e-04
  6.1080446e-03
  1.1554833e-01
 -2.2758641e-04
  1.7151021e-03
 -2.0242762e-04
  3.9699744e-03
  9.3921000e-05
 -4.3451169e-04
  1.9196061e-04
  3.1348056e-01
 -2.0693128e-03
  1.4587978e-05
  9.5827348e-04
 -4.3018386e-04
  2.0753124e-03
  7.7668832e-05
  1.8702527e-03
  1.5019358e-03
 -1.3608962e-03
  1.0400410e-04
  1.1905798e-03
  6.9105939e-04
  4.0635961e-05
 -5.4822187e-05
  5.7696547e-02
  2.4798186e-03
  1.6317230e-04
  2.8107097e-04
  1.0120528e-03
 -9.8463155e-05
  7.8194810e-04
  1.8266473e-04
  2.6045769e-04
 -5.2324450e-04
 -3.6193935e-05
 -3.7569768e-04
 -4.0720403e-03
 -1.5061600e-04
  1.0092619e-03
  2.8449701e-04
  1.6395606e-03
  7.0633721e-03
 -3.0271284e-04
  6.1659055e-04
 -1.9123825e-05
 -2.7902180e-04
 -2.5194226e-04
  4.1273021e-04
 -2.3576048e-04
 -2.1038926e-04
 -1.8418379e-04
  2.1860603e-04
 -1.3927424e-03
 -9.4081077e-04
 -8.8501506e-04
 -7.3185503e-05
 -3.0187226e-04
  1.2150598e-04
  6.3730084e-04
 -6.6122005e-04
 -4.4256367e-04
 -5.9525730e-05
  3.9549405e-04
  5.3692248e-04
  1.1186191e-03
 -3.4110484e-04
  1.1254994e-03
 -3.5134645e-03
 -2.9593180e-03
 -4.0452974e-04
  5.8663663e-05
  6.0618360e-04
  1.7023018e-03
 -1.8154542e-03
 -8.0645055e-04
 -1.3987530e-03
  6.1856105e-04
  1.8769805e-04
 -5.8080786e-04
 -2.5358840e-04
 -4.8165018e-04
 -1.0335306e-04
 -3.6350256e-04
  2.2507666e-04
 -7.7795755e-04
 -9.5333869e-04
  9.5056213e-04
 -1.5188672e-03
 -1.4414290e-03
 -2.4415206e-04
  9.9960668e-04
 -2.5598898e-03
  3.1502792e-04
  1.1423670e-04
  1.8674124e-03
 -5.8917160e-04
 -3.3722862e-04
 -1.6657032e-04
  5.9190427e-04
 -1.4525437e-03
 -5.3807882e-05
 -9.7270386e-04
 -9.8214205e-04
  1.3144847e-03
 -2.9940477e-02
  8.5972500e-04
  2.4747178e-01
 -1.1852311e-03
 -7.9697213e-04
  1.1620456e-04
 -1.1952799e-03
 -5.8552239e-04
 -2.6996675e-04
 -7.3681824e-04
 -1.8342830e-04
  2.5417694e-04
  2.2068244e-04
 -8.3290099e-04
 -9.2705741e-04
  9.8798238e-04
 -5.6060990e-03
  1.5187432e-03
 -1.0338518e-03
  1.1067698e-03
  2.7912478e-03
  4.4282200e-04
 -6.7990462e-05
 -2.7948426e-04
  1.9207870e-03
 -6.0308713e-04
  7.0493389e-04
  4.1808034e-03
 -5.9748236e-02
 -1.0561543e-01
 -3.4478024e-04
  2.5106331e-03
 -4.4520956e-02
 -6.4759003e-03
  3.7060627e-03
 -3.9520850e-03
  6.1867549e-04
 -6.6097967e-02
  2.6804407e-04
  2.8777044e-04
 -4.2435089e-03
  1.3583925e-04
 -2.7242543e-03
  6.4808302e-02
 -1.4970541e-01
  2.0722151e-03
 -1.6469996e-03
 -3.9261214e-02
 -3.8473971e-02
  3.4878726e-04
 -3.8487298e-04
 -4.9255218e-04
 -6.5465406e-02
 -1.7195556e-03
  3.7169398e-03
  2.9701848e-02
 -4.3401383e-02
 -1.2387246e-03
  2.6727974e-02
 -1.3481690e-01
  1.1600101e-03
 -3.5361480e-04
 -1.6942808e-04
 -3.0983370e-05
  4.6946093e-02
 -5.7126692e-04
 -2.4324697e-02
  5.0238445e-02
 -4.5385249e-03
 -1.0473927e-01
 -2.0374009e-02
  1.1197280e-03
  2.6722567e-02
 -3.4873173e-02
 -3.1706732e-02
  3.1228567e-04
  7.1858516e-04
  2.7445739e-04
 -1.9132731e-02
  2.7479546e-02
  2.4443131e-04
 -8.5582107e-02
 -1.4164764e-03
 -7.0043327e-04
 -1.3544816e-02
 -2.5647564e-02
 -9.7700616e-04
  1.7208529e-01
  1.1476735e-03
  1.7337878e-01
 -8.0680846e-05
  2.5053944e-02
  1.1756591e-04
  1.5484233e+00
 -6.7223990e-01
 -7.2881263e-01
 -2.5588968e-01
  1.6411319e-01
 -4.1241184e-02
 -1.6551450e+00
 -9.0476058e-02
  1.0118780e+00
  7.6807655e-02
 -1.0481551e+00
 -1.0289913e+00
  1.5115127e-01
  5.2709147e-02
 -8.2153732e-01
  1.6622256e+00
  6.0699815e-01
 -3.2613707e-01
  1.8979358e-02
 -1.6490464e-03
  6.9113857e-01
  2.2965467e-01
 -1.0920862e+00
 -1.7131950e-01
  5.9764519e-02
  8.3803725e-01
  7.1043020e-01
 -5.1181948e-01
 -1.2663968e-01
 -1.0690192e+00
  6.4218059e-02
  2.3672670e-01
 -5.3043380e-02
 -2.6855779e+00
  1.3875837e+00
 -3.8373373e-02
  5.2752695e-04
  7.1210718e-01
 -1.0763581e+00
  1.1948333e-01
 -1.1583299e-01
 -6.5243083e-01
  1.4987643e+00
 -5.1444542e-01
  5.5042696e-01
 -1.6617496e-01
 -3.8991088e-01
  4.8017368e-01
 -5.4657871e-01
 -2.9753384e-01
  1.9182141e+00
  2.5521162e-01
  8.4697533e-01
 -3.3906320e-01
  7.7765793e-01
  5.9001583e-01
 -7.3429137e-01
 -2.5755858e-02
  1.3464650e+00
  3.0873260e-01
  5.1874214e-01
  6.8800181e-01
 -9.2831492e-01
  4.6981946e-01
  4.5801067e-01
  9.4094975e-03
  5.7260448e-04
  2.4736761e-01
 -8.6732417e-02
  5.4953680e-03
 -7.5094566e-02
  2.9618861e-02
 -4.9718516e-03
  6.4384745e-04
  2.8434093e-04
 -8.1367858e-02
  3.0335552e-01
  1.1459124e-02
 -1.4564432e-03
 -5.1077747e-01
  1.9073649e-01
 -1.9476009e-03
  8.9064054e-02
 -1.7161670e-01
  1.4084227e-01
  3.4351957e-01
  1.2196457e-03
 -3.5753276e-02
 -5.4888194e-03
 -3.1822515e-03
  7.5196673e-04
 -1.5984789e-02
 -2.8018260e-01
 -1.0361023e-01
 -1.6736269e-02
  4.9260435e-01
 -2.4472544e-04
 -8.5065991e-01
  1.5206356e-01
  2.2368398e-03
  9.8421341e-03
 -3.6689450e-03
  1.9079871e-02
  2.9967988e-02
 -2.4709554e-02
 -1.3736644e-01
  7.9567678e-02
 -1.3265903e-02
  1.2506809e+00
  2.8887824e-03
  5.0986510e-02
  2.0490084e-03
  2.9320102e-03
 -3.1295568e-03
  1.3741264e-04
  1.6660288e-01
 -9.6293440e-04
  2.5436219e-03
  1.7909259e-02
  1.9450305e-01
 -3.5089600e-01
  7.5899355e-02
  1.2731504e-01
  1.4189257e-03
  1.6895676e-03
  1.0118817e-02
 -5.7373807e-04
  1.1727503e-04
  3.0922084e-04
 -1.0946342e-03
 -9.4215147e-04
 -1.8129071e-03
 -1.5245162e+00
 -9.7702809e-02
 -5.2554446e-04
 -3.2699903e-04
 -4.8731154e-04
  4.3070108e-02
  1.9493583e-01
 -2.2660038e-01
  2.4993052e-03
 -6.2800395e-01
 -1.1203895e+00
 -3.0474006e-03
 -2.9905310e-01
 -1.3236830e+00
  1.9157991e+00
 -2.1631031e-01
 -7.1534914e-01
  7.2702521e-01
 -2.4033856e-02
 -1.3997431e-04
 -4.4642451e-01
  1.9395093e-03
 -7.0730585e-01
 -2.2342208e-01
  2.9189976e-02
 -1.2264832e-01
 -5.0458622e-01
  5.3439825e-04
 -8.0786860e-01
 -8.5066065e-02
  1.2406251e+00
 -1.7101760e-01
  1.7403945e-03
  7.6229519e-01
  3.6611319e-01
  5.4429751e-04
  7.1751809e-04
 -1.5721195e-03
 -3.9421913e-01
 -1.6045175e-01
 -4.0099749e-01
  3.9954495e-01
  5.0289858e-02
 -2.1765487e-04
  2.7473154e-03
 -4.5913666e-01
  5.0285167e-01
 -4.2530110e-01
  2.5632545e-01
 -4.8681358e-01
 -5.8419818e-01
 -3.3190538e-04
 -3.6992198e-01
 -3.1216648e-01
 -5.2141213e-01
  1.3411703e+00
  3.8615400e-01
 -4.9157408e-01
 -1.3612102e-01
 -7.2241694e-02
  8.4187084e-01
  8.6105231e-04
 -2.7439135e-01
  6.4300877e-01
  3.0766749e-01
 -2.9986641e-01
 -9.3745512e-01
 -2.6396324e-03
 -5.5119085e-01
 -3.8989320e-01
  5.1025051e-01
 -1.8795630e-01
 -6.9839627e-02
  1.4805220e+00
 -9.2345685e-01
  6.7869104e-02
  2.5421040e-04
 -6.5007740e-01
 -1.0475763e+00
 -8.7127584e-01
  1.1776079e-03
 -4.3088957e-04
 -3.7407328e-04
 -1.8242572e-04
  7.4377010e-04
  6.8891491e-04
  1.2192471e-03
  1.0488969e-04
 -1.1078248e-03
 -3.9283508e-03
  9.9768622e-05
  1.7437144e-03
  4.4858491e-04
  2.7982198e-05
 -5.4828072e-04
 -1.3497582e-03
  2.4929349e-03
  1.4942313e-03
  1.2997512e-04
  3.2253904e-04
 -5.0692691e-04
 -6.8971980e-04
  1.8450399e-03
 -1.1118685e-03
  9.1070385e-04
  4.9939449e-04
 -1.3851849e-03
 -1.3116732e-03
  1.2385984e-03
  5.6285312e-04
 -4.7915781e-04
 -1.1511651e-03
  6.3894485e-04
  8.9602085e-04
 -2.6038736e-03
 -5.1278458e-03
  2.5118308e-04
 -1.1004050e-03
  1.4086565e-03
  6.3538138e-04
  2.8282130e-04
  1.4285598e-04
 -1.8610057e-04
 -8.2216901e-04
 -8.3647243e-04
 -9.0349448e-04
 -1.4780508e-03
  9.3191641e-04
 -7.3724246e-04
  1.1111444e-03
 -7.5036596e-04
 -9.3952869e-05
 -2.3253588e-04
  7.1804482e-04
  2.0870452e-03
 -1.9972401e-03
 -1.4422754e-03
 -1.7664928e-03
  7.1645121e-04
 -8.3523810e-06
 -3.5934363e-04
  1.7921741e-03
  4.9439343e-05
  4.9035010e-05
  5.7413842e-04
  9.5173885e-04
  1.5071060e-03
 -8.4116857e-04
 -2.0843188e-03
 -1.5593172e-04
  1.6455313e-03
  3.1157714e-04
  1.8551585e-03
  3.0254075e-04
 -4.8609119e-05
  4.6609365e-04
  5.4541667e-04
 -5.3631528e-03
  9.1545109e-04
 -2.0867687e-04
  3.7128215e-03
 -7.7650547e-02
 -8.2802033e-04
 -1.2112487e-02
 -1.1415513e-03
 -7.9671456e-04
  1.0875290e-03
  5.1781780e-04
 -5.4886611e-04
 -4.9010953e-03
 -4.9783015e-03
  1.4984815e-03
 -1.6598471e-01
 -2.6800088e-03
  5.4685290e-05
  3.2987369e-05
 -2.4761158e-04
 -4.4913377e-04
  6.0369220e-02
  2.2922063e-03
 -1.3849630e-03
  1.4123356e-03
  3.0115782e-04
 -3.1962276e-03
 -7.4122992e-04
  1.3271876e-03
  1.7811451e-03
 -1.3136145e-03
 -1.3570407e-03
  3.5305929e-03
  4.4380175e-04
 -3.1260194e-04
 -1.6817045e-04
  6.7203183e-04
 -7.2285329e-04
 -1.2407123e-04
 -2.3528888e-04
  2.6254088e-04
  1.3027954e-03
  1.0611757e-03
 -3.2043605e-04
  2.2984878e-03
  1.6144855e-03
 -3.8542436e-04
  2.7357270e-03
  1.5209698e-03
  1.2855219e-03
 -1.5305037e-04
 -6.1946432e-04
  3.1198884e-04
  1.7305557e-03
 -2.7218001e-04
 -6.4138381e-04
  3.3784457e-04
 -1.5423216e-03
  1.2951040e-03
  3.6915550e-03
  3.9568136e-04
  1.3837999e-03
 -1.7793112e-03
  2.8662919e-04
  5.0093711e-04
 -2.4888644e-04
 -1.0631022e-04
  9.4211096e-04
  1.2620311e-04
  9.3439309e-04
 -7.7961036e-04
  2.5904044e-03
 -2.3766155e-03
 -9.5054311e-05
 -4.3607288e-04
 -1.4346190e-03
 -1.9250140e-03
 -4.5692804e-04
  2.0721615e-03
 -3.9404645e-04
  6.0306746e-04
 -1.3874883e-03
  1.0320892e-03
  5.3623799e-06
  8.9482119e-04
 -4.1062332e-05
 -1.9304390e-04
  1.5381869e-04
  6.1966816e-04
  9.4185467e-04
  1.4800254e-04
 -3.3851265e-04
 -1.3753017e-03
 -1.4283037e-03
  9.0849615e-04
 -2.8653676e-03
  2.7641674e-04
 -2.8648535e-03
 -2.8491468e-05
  3.0510165e-03
  4.5824921e-04
  2.8187982e-04
  4.5764697e-04
 -1.1824699e-03
  8.3094950e-05
 -3.5724108e-04
  8.0108031e-04
 -2.6027215e-04
 -5.4720585e-04
 -1.7003111e-03
  9.2444516e-04
  2.4478231e-04
  5.5551861e-04
  1.7750886e-04
  4.1476422e-04
  3.5035910e-04
 -2.6263655e-03
  1.3213760e-03
  6.5053417e-04
 -8.9398999e-04
 -2.1030373e-04
  2.3121126e-03
  3.6334516e-03
 -5.1843037e-04
 -8.4428370e-02
  1.6788734e-02
 -6.2262006e-03
 -1.8066917e-01
  2.7522552e-01
 -9.2179549e-04
  1.2566647e-03
  2.7556488e-02
 -2.7004058e-02
  1.1957952e+00
  1.3826869e-01
 -6.0794566e-02
 -4.9893901e-02
  8.9151854e-06
 -2.2893949e-01
 -5.1975068e-02
 -2.5099388e-03
 -8.1493422e-02
 -1.9641041e-03
 -3.9346185e-02
 -6.6721570e-03
 -1.1672793e-01
 -1.0465856e-01
 -8.7020211e-02
  1.4928596e-03
 -2.7667134e-04
  1.4412899e-03
 -5.1810849e-01
 -6.5996289e-01
  4.3955946e-01
  1.2733162e-02
 -4.0525498e-04
  2.5464076e-01
  3.7870260e-03
 -3.5250112e-01
  2.2816525e-03
  2.9345485e-03
 -6.1828474e-04
  1.4824647e-04
 -8.5117994e-04
  5.1822886e-04
  2.4702258e-02
  2.3773121e-02
  1.5846702e-01
 -2.3889195e-03
 -4.1060704e-03
 -1.2770084e-03
 -1.1982814e-01
 -5.8540958e-04
 -8.4438449e-05
  1.6772094e-01
  9.3780382e-04
 -3.7408629e-04
 -1.0511663e-03
  7.7962868e-02
  3.0805685e-02
 -2.7999440e-03
  1.6770783e-03
  2.2355113e-04
  9.1825705e-04
  1.0859377e-02
  1.5883183e-01
  1.2242118e-03
  5.4888733e-05
  8.2397083e-04
 -1.9643574e-03
  2.7551202e-03
 -2.9517221e-04
  2.9362778e-03
 -2.4495493e-03
 -7.1274192e-04
 -1.0422261e-03
  2.8514414e-04
  4.5795747e-04
  9.0885907e-05
  1.1196625e-03
  2.9714764e-03
 -6.4244593e-04
 -2.7456324e-04
  8.6043077e-04
  8.4085698e-04
 -3.6956073e-04
  9.5350971e-04
  1.7910782e-03
  7.7396231e-05
 -9.4528179e-05
 -5.1819035e-05
  3.5314076e-04
 -5.3458882e-04
 -9.1987866e-04
  1.2552845e-03
  3.2092878e-03
 -7.8878086e-04
  1.2009861e-03
  4.1462318e-04
 -4.2121627e-04
 -3.5146787e-03
  1.9838940e-03
  9.8773977e-04
 -2.2184395e-04
 -1.0540999e-04
  1.9268652e-03
 -6.4379346e-05
  3.3702087e-04
 -1.2904152e-03
 -1.2432894e-03
  2.0116489e-04
  8.5057272e-04
 -1.4022639e-03
 -9.7124743e-05
 -9.0087653e-04
  3.7145147e-03
  1.3690096e-03
  9.0802304e-04
 -5.3325435e-04
  1.6192193e-04
  2.1670156e-03
  2.3623407e-03
 -1.0273100e-03
 -1.1068272e-04
 -5.6836219e-04
  7.9031620e-04
 -1.0430229e-04
  1.3442320e-03
 -1.8876176e-03
  2.1080778e-03
  9.8642078e-05
  1.3154247e-03
  4.4674802e-05
  2.4300761e-04
  1.5679317e-03
  1.0943455e-03
  1.0916048e-03
 -1.6786387e-03
  1.2588124e-03
 -1.4257068e-03
 -1.2612945e-03
  5.8006408e-04
  3.7808187e-04
 -5.8974931e-04
 -2.1761646e-03
 -7.0052786e-04
 -5.7114870e-04
  9.0015441e-05
  1.8415379e-04
  4.8669297e-04
 -1.3710806e-03
 -3.2159737e-03
 -1.0310059e-03
  7.8232738e-04
 -3.5610937e-03
 -1.1698317e-03
  2.8008065e-04
  3.5786137e-04
 -1.8860187e-03
 -6.0737388e-05
  4.0647888e-04
  4.0664346e-04
 -1.0668350e-03
  6.5728986e-05
  3.1185820e-05
 -2.2591500e-01
 -4.7748588e-04
  2.7706085e-03
  1.1007298e-03
 -6.2665384e-04
  3.4194723e-05
  2.9366401e-03
 -4.4688873e-04
 -1.3371763e-03
  1.3860088e-03
  4.7713640e-04
 -1.4253664e-03
 -1.7379569e-03
  4.1632031e-04
 -1.1105830e-03
  3.5234939e-04
  1.0886401e-04
  7.2441029e-04
 -1.2426302e-04
 -1.1108684e-03
  1.0936481e-03
 -2.9916447e-04
 -1.7864918e-04
  1.5315009e-04
  2.4173837e-03
 -3.5699093e-05
  6.1978225e-04
  5.7701673e-05
 -5.7387917e-04
  1.0360942e-04
  4.8652655e-03
  1.4425164e-04
  6.6578126e-05
  2.5039255e-03
 -2.3155045e-03
  3.1967941e-04
 -6.3707837e-04
  8.9586270e-04
 -1.4796389e-03
 -1.7025812e-03
 -4.7274661e-04
  7.4441507e-03
 -7.3147309e-04
  1.1759287e-04
 -2.9817582e-04
  1.6965838e-03
 -2.5761719e-03
 -1.1937562e-03
  4.4927298e-04
 -4.4350000e-04
 -7.5195283e-05
 -5.2805878e-03
 -1.5110974e-03
 -6.7199854e-04
  1.7892527e-03
  2.3000009e-04
 -8.8122435e-04
  8.9792436e-04
 -4.9284654e-04
  3.8183189e-05
 -3.2894898e-04
  2.0230158e-04
  1.1623133e-04
  1.3682724e-03
  3.7178439e-03
  2.6224629e-04
  4.7931739e-04
 -6.2654336e-04
  4.9536960e-04
 -6.4462912e-04
  7.6601340e-04
  1.4989056e-03
  7.8331720e-04
 -4.2723306e-04
 -1.1743171e-03
  4.9652448e-03
  4.5899629e-05
 -1.2473267e-04
  1.6554461e-03
 -1.0857092e-04
 -3.0345886e-04
 -9.2554546e-04
 -2.3325426e-03
 -1.5984906e-03
  2.4849379e-03
  3.6798147e-03
 -6.8138691e-04
 -5.4157944e-04
  1.3168774e-03
  1.3311872e-03
 -1.7094970e-03
  1.6592880e-03
  1.5735552e-04
  6.5213856e-03
 -1.3894909e-03
  2.6722257e-05
  2.6996204e-04
 -4.2265137e-03
 -1.6459096e-03
 -1.8959880e-05
 -5.1301171e-04
  4.0550131e-04
  1.6611164e-04
 -6.5498333e-03
  2.0501802e-03
 -1.3187857e-03
  3.0047217e-02
  8.8180619e-04
  1.4944631e-04
 -5.7142071e-05
 -1.1958151e-04
  9.6482702e-04
 -8.1951817e-04
  1.8297671e-03
  5.8214529e-04
  2.4676410e-04
  5.3963030e-04
  6.7206752e-04
 -1.0213098e-04
  1.2331428e-03
  5.1138261e-03
  2.0389764e-03
 -1.4811108e-04
  8.3866681e-04
 -8.7759568e-04
  4.5436632e-04
  3.9212557e-04
  4.1426807e-03
 -1.4475655e-03
  2.0110337e-03
  1.4203371e-03
  1.7577174e-04
  8.7944070e-05
  6.6982245e-04
  1.1245331e-03
 -1.4921211e-03
 -3.7128397e-03
 -1.4634771e-04
 -1.3037850e-03
  9.3324529e-04
  1.5764473e-03
 -3.1025375e-03
 -1.7643387e-03
 -1.3659870e-06
  5.8054685e-04
 -1.9644271e-03
  6.1983854e-04
  1.3044031e-04
 -7.9355686e-04
 -3.8300768e-05
  1.4425879e-03
  3.0155191e-03
 -1.2497993e-03
 -2.1235339e-04
 -5.3312076e-04
 -2.4548031e-03
 -3.3275327e-03
  3.1249037e-03
  1.8906449e-03
  8.7388413e-04
 -9.3950931e-04
  1.4135898e-04
  2.4396502e-05
  1.3412685e-04
  4.1598495e-02
 -7.3786569e-04
  6.4638413e-02
  1.2114973e-01
 -3.7866486e-03
  2.2155274e-01
 -3.0031348e-05
 -4.3335140e-02
  3.3720173e-02
  1.3356438e-02
 -2.0787397e-03
  3.9210394e-03
 -7.6617315e-02
 -1.5611868e-01
 -4.4272435e-01
  2.7584931e-01
  1.4291888e-02
 -1.9993505e-01
 -5.5814278e-04
 -1.2869936e-01
 -3.9992526e-02
  3.4242165e-01
  8.8073558e-04
 -8.6393766e-03
 -4.1999090e-01
 -1.1749968e-01
 -1.1785202e-01
 -6.6007727e-01
 -1.5964445e-02
 -5.4542115e-04
 -4.9870346e-02
  9.3132898e-04
  1.0926339e-02
 -7.9754412e-02
  8.9230295e-03
  6.8802712e-03
  7.6296745e-04
  2.4240084e-01
  2.1209817e-03
 -2.2814806e-01
 -1.0219738e-04
  1.9012205e-06
  9.7741198e-04
 -8.5302316e-02
 -7.6502119e-04
  1.6833605e-02
  9.6826740e-03
  5.9149899e-02
  1.2262436e-03
 -9.4517451e-03
 -1.2528974e-01
 -1.3217343e-04
 -2.5459018e-01
  2.5792595e-03
  7.0223707e-04
  1.3799895e-01
 -3.8843686e-04
  2.6164181e-03
 -1.8308267e-01
  2.5087086e-02
  9.2145011e-02
  2.9317886e-03
  1.6549235e-05
 -7.1548001e-04
  3.1840701e-02
  4.3826737e-03
  1.6446052e-01
  5.7492111e-02
 -1.3916529e-03
 -1.8038108e-03
  4.8992154e-04
  5.7504076e-05
  1.3733757e-04
  8.9428265e-04
  9.9509503e-05
 -7.1911010e-05
  1.2463783e-03
 -1.1922404e-01
 -6.7371875e-04
 -3.6115211e-03
 -2.0780913e-03
 -5.1577586e-05
 -6.8028027e-04
 -1.1838885e-03
 -6.0959649e-04
 -1.7694727e-03
 -8.3559880e-04
 -1.1245901e-03
 -9.3126425e-04
 -4.3082608e-05
  4.3404277e-04
 -4.6712172e-04
  7.7064900e-04
  2.6107841e-04
 -1.1037199e-03
  4.8091137e-04
  5.2023749e-04
 -2.1594173e-04
 -1.9331848e-03
 -9.6461095e-05
 -1.5047310e-03
  8.1728399e-04
 -2.5139016e-03
  7.7922863e-04
 -3.5753316e-04
 -1.9410362e-04
  6.4409344e-04
 -1.2129071e-03
 -1.4652351e-04
  1.8885877e-04
  4.6785162e-06
 -5.0906290e-04
 -2.0133932e-04
 -3.9871529e-04
  5.2660329e-05
 -8.6495059e-04
 -2.1790669e-03
 -6.3472963e-04
 -6.4851664e-04
  2.7371705e-05
  1.9963828e-03
  2.9876998e-03
  1.4599822e-04
  2.4726908e-04
  3.6101931e-04
 -8.9849107e-04
  3.7059230e-03
 -9.7366271e-04
 -9.5439074e-04
 -1.1735875e-03
 -5.7451084e-04
  1.2848292e-03
 -1.0155904e-03
  7.0213201e-04
  5.3602927e-03
  5.6134891e-03
  4.2883410e-05
 -1.4829194e-03
 -1.8854518e-03
 -8.7491673e-04
 -1.5541223e-03
 -9.1779634e-04
  3.0902660e-04
  5.2461948e-04
  8.8539172e-04
 -8.1253151e-04
  1.1486950e-03
 -2.4955921e-04
 -1.1719328e-04
 -1.9916727e-03
 -9.2081615e-04
  1.8751637e-04
  5.1602125e-05
 -4.7165956e-04
  3.5601429e-04
  1.7619528e-03
  9.5425418e-04
 -2.4031055e-04
 -2.1187947e-03
  1.1865932e-03
  2.9522832e-04
 -5.7869445e-04
  2.0969033e-03
  3.2282775e-04
  7.3353560e-03
 -1.2853754e-03
  9.8943233e-04
  4.4975206e-04
  9.6864853e-04
  7.0584071e-04
 -1.0356514e-03
 -6.1598905e-05
 -7.9366780e-04
 -7.5119577e-05
 -9.8621356e-04
 -1.5343995e-04
  5.0375902e-04
  1.0896975e-04
 -9.5382694e-04
 -3.1901273e-04
 -4.0481795e-04
  1.1461048e-03
  6.2186315e-05
 -1.5563635e-03
 -3.5429730e-05
  1.2064388e-04
  6.2903913e-04
  2.0482467e-04
  3.3504219e-04
  2.3857493e-02
  2.0323435e-04
  5.2003044e-04
  1.4442747e-04
 -5.7710154e-04
  1.1118167e-03
 -2.9946088e-05
  5.6584168e-04
 -2.3193282e-04
  4.8576749e-04
  1.7990494e-04
  5.1845349e-02
  7.2374224e-04
 -3.0060657e-05
  2.5364530e-01
  4.8944983e-04
 -2.4680993e-02
  5.9749413e-02
  1.0554659e-03
 -1.1723783e-04
  3.3148084e-04
  4.7663022e-02
  3.5779089e-02
  1.7673365e-05
  1.0303271e-02
  1.9767888e-02
 -2.1437395e-01
 -1.1643489e-04
 -1.1118451e-01
 -3.7572172e-02
  1.0459271e-01
 -3.9260677e-04
 -4.6205842e-03
  1.8517289e-01
  1.8530563e-02
 -9.7621369e-01
  1.1633408e-01
  9.8685451e-02
 -3.8217004e-05
 -5.3140474e-04
  1.0435428e-02
 -3.8679045e-02
 -8.5579138e-04
  3.5678458e-01
 -1.4999862e-03
  3.3213256e-04
  1.3138118e-01
  1.6308131e-03
 -1.9159418e-01
 -1.5157570e-04
  1.3300951e-03
  8.0097653e-04
 -1.6627876e-03
 -2.1115370e-04
 -7.5579138e-04
  1.7506512e-02
  1.8598572e-03
 -6.6621661e-02
  2.9526968e-04
 -9.4637051e-02
 -8.2030578e-04
 -3.4523565e-02
 -2.3399855e-03
  7.7992090e-04
  7.8921055e-04
 -5.2388204e-04
  2.1406892e-04
 -4.4172690e-03
 -2.4599859e-03
  1.7642787e-03
  2.4545772e-03
 -6.3220534e-04
  2.8087355e-03
  1.7503499e-04
 -3.0362695e-02
  4.4037933e-03
  9.7057477e-02
 -1.3061959e-04
  4.4105150e-04
 -1.8386585e-05
 -7.0924626e-04
  1.2935047e-03
  7.6723623e-04
 -3.5106356e-04
  1.7070442e-03
  2.4058814e-04
 -3.5495439e-03
  2.0925046e-03
 -1.3258777e-03
  2.8374363e-04
 -4.7696559e-04
  2.1387885e-04
 -3.8865939e-04
  1.0575999e-01
  2.4662676e-04
 -2.2423254e-04
  4.0920250e-04
 -9.1084681e-04
 -2.2300000e-04
 -2.0917984e-04
 -9.4103982e-04
 -6.7934074e-04
  5.5360195e-04
 -8.2136685e-04
  1.2926758e-03
  3.2366015e-04
 -1.6488225e-03
 -3.0678996e-06
 -4.8113274e-04
  3.3127137e-05
  1.2640854e-03
  2.3304145e-03
  1.5638674e-03
  1.4869833e-03
 -3.1355347e-03
 -3.0631461e-04
  5.1452906e-04
 -7.3926663e-04
 -1.3762704e-03
 -1.9082061e-03
 -1.0641176e-03
 -6.6220637e-05
  5.4744165e-04
  7.6871467e-05
 -2.2295017e-03
  8.5915520e-04
 -6.7769527e-04
 -7.2661974e-04
 -8.9670219e-05
  3.3780537e-04
  1.5105584e-03
 -1.5421238e-03
 -2.0712276e-04
 -4.6501169e-04
  4.5271788e-04
 -1.4119551e-03
  1.5152282e-03
  7.2584917e-05
  3.0383214e-04
 -3.0151731e-04
 -4.2385355e-04
  7.4625009e-04
  5.9900153e-04
 -4.3164264e-02
  1.6906606e-01
 -1.3653562e-05
  8.4262125e-02
  3.5150069e-01
  7.5304531e-02
  1.6855669e-01
  5.1456504e-03
 -1.1039793e-01
  4.3380451e-01
 -1.5763797e-02
 -2.6375690e-01
  4.5858867e-02
  1.8969482e-01
  8.7795362e-02
 -1.4469896e-01
 -1.4078830e-03
 -2.4549037e-01
 -7.5619300e-03
  1.5929766e-01
  2.4286519e-01
 -1.3374405e-01
  1.5058228e-01
  5.1586225e-04
 -2.1064231e-01
  4.1678914e-01
  4.2688313e-01
  5.3124648e-04
 -2.0409526e-01
  5.0271521e-03
 -3.5307336e-01
  3.4527578e-03
  3.9012787e-01
  2.5108461e-03
  1.1335770e-01
  1.9658546e-01
  6.4977817e-02
 -3.9485696e-01
 -2.4729728e-04
  3.7187454e-03
  4.7894139e-03
 -2.3405720e-02
 -1.2144864e-03
  4.2580320e-03
  5.5163771e-01
  2.0402002e-01
 -7.1205661e-02
  9.3233306e-04
 -3.0769361e-02
 -1.0579602e-04
 -3.8063481e-01
  8.2172052e-04
  6.7188241e-02
  2.7255851e-01
 -3.7880044e-02
  7.0449360e-02
 -3.4029076e-03
  3.5273801e-03
  1.1464937e-01
  1.6397773e-01
 -4.4106296e-04
 -2.6693247e-04
 -1.2495916e-03
  1.2801015e-03
  2.2806199e-01
  8.8934781e-04
  1.4302815e+00
 -8.4695405e-01
  2.8067786e-04
  1.2590064e+00
 -3.5602216e-02
  2.7171072e-02
 -4.2518905e-01
  1.1995703e+00
 -2.1580772e-02
 -1.4449296e+00
  2.0146182e-01
 -5.9106493e-01
  9.0079546e-02
  6.0394068e-06
 -5.9822015e-02
  1.6480590e-03
 -1.2890322e-03
  5.0110996e-02
 -5.3803581e-03
 -1.5673849e-01
 -1.6402194e-01
  3.4027323e-03
 -5.5516562e-03
  2.6447215e-04
  6.0679160e-02
  1.1799495e+00
  7.9543412e-01
 -1.0624981e-03
 -6.2239910e-03
  1.7711015e-03
 -1.2182762e-01
  7.2711535e-02
 -2.4565133e-01
 -1.6578655e-04
  5.7622226e-04
 -2.2407645e-01
 -1.2129613e-03
  1.5896175e-02
 -2.0502321e-03
 -4.6061855e-04
 -2.0056755e-04
  1.3308297e-02
  6.3332413e-06
 -7.0893171e-04
 -5.6385961e-03
 -4.0241905e-02
  1.9443305e-01
 -1.9130572e-03
  2.0561285e-01
 -3.8823634e-04
  3.9701327e-03
  4.8740179e-04
  7.0527749e-04
 -4.5050066e-03
  2.0368801e-01
  2.5423840e-02
  1.3857032e-01
  1.7695563e-03
 -1.8496824e-02
  4.9388239e-01
  4.3430639e-04
  3.7514805e-04
 -6.0039153e-04
  5.4122461e-03
 -1.8672146e-01
  4.4785769e-04
  4.9786465e-03
 -5.9943259e-01
 -1.5073961e-01
 -1.3612807e+00
  8.0627888e-02
 -1.4815090e+00
 -6.4328694e-01
  3.3524570e-01
 -4.5272055e-01
 -1.0912660e+00
 -1.4419503e+00
  7.5728726e-01
  1.2725025e-01
 -6.9120062e-05
  7.8065775e-02
  1.0560784e-02
 -2.9127006e-04
 -4.3416652e-01
 -7.6926406e-04
  3.4178618e-01
 -9.3247116e-05
 -9.1971718e-02
 -1.8980632e-04
  1.1593144e-01
 -3.1293288e-02
  3.5901759e-02
 -2.1458681e-01
  1.2400403e-03
  1.3128808e-04
  4.0871662e-01
  1.1254023e+00
  1.5393843e-01
  1.5967368e-01
  1.4951000e-03
 -6.5896224e-04
  1.7785619e-01
  1.6203241e-01
 -3.2835338e-01
 -5.4509874e-04
  3.3632841e-02
 -2.7700519e-04
  2.6679935e-04
  4.5039432e-04
 -3.9875036e-04
  3.1942070e-01
  1.4752351e-01
 -3.0015999e-01
  4.1440475e-01
 -1.8042208e-01
  4.8037979e-04
 -1.5830088e-02
 -1.0380539e-03
  4.5610237e-01
  2.7632442e-01
 -5.6184672e-02
  5.3610019e-02
  4.3942833e-01
  8.9572787e-02
  1.4135626e-01
 -2.7680185e-01
  1.0216636e-04
 -2.1698098e-03
 -7.7412897e-03
  2.8480139e-02
 -1.7147072e-04
 -1.6049844e-01
  2.0044813e+00
  1.9519866e-01
  6.7812955e-04
 -4.6100581e-04
 -4.1041955e-02
  1.7080608e-01
 -1.8257141e-01
 -1.6731021e-04
 -4.5503560e-02
  5.9634954e-01
  1.1040900e-04
 -7.5199771e-01
 -1.0544185e-01
  1.0203511e-01
  3.7138230e-01
  7.8086868e-02
  2.0353415e-03
 -2.2677047e-02
 -2.0883880e-03
 -1.0563659e-01
 -7.2549507e-03
  5.2330774e-06
  2.6105937e-01
  3.5448727e-01
 -3.7830681e-01
  3.1470500e-02
 -3.6605716e-01
  1.3452237e-04
  1.1956564e-03
 -3.2973732e-04
  6.3097507e-01
 -1.5900184e-01
  1.9500028e-01
  2.5091347e-01
  1.9296215e-01
  3.1317469e-02
  1.8186547e-01
 -1.7712897e-01
 -7.2254293e-04
  4.0571145e-03
  1.3873003e-03
  9.1705886e-05
  2.1876290e-02
 -3.2742834e-04
  7.6445155e-02
  4.2306028e-02
 -3.8861388e-03
  1.3771757e-01
 -1.2124162e-04
  9.1930019e-04
  1.0061315e-03
  2.5043389e-04
  8.3227672e-02
  2.1973467e-01
 -1.4717915e-03
 -1.0165296e+00
 -9.4094425e-02
  1.5219919e-02
 -6.8568692e-02
 -1.1323831e-01
 -1.0881491e-03
 -3.1679671e-04
 -1.6389132e-04
 -2.6185593e-01
  3.8936261e-02
  1.0238533e-02
  3.3039963e-05
  1.6045097e-03
 -3.0973990e-04
  1.0506036e-01
  7.6690512e-03
 -4.5320964e-03
  8.7106932e-04
  4.6175844e-03
 -4.7875927e-03
  8.1418067e-01
  8.0247782e-04
  2.7934912e-01
 -1.1978637e-01
  1.0922657e-01
 -2.2110209e-02
 -1.8453372e-01
  2.2156620e-03
 -1.7110664e-01
 -4.0744102e-04
  2.4449727e-03
 -3.6541958e-04
 -5.9922463e-03
 -1.1563002e-01
 -2.8898758e-03
 -2.0112970e-01
  4.1875109e-01
  8.3172910e-02
 -4.6325452e-04
 -1.4029887e-02
  2.5912426e-02
 -3.6907641e-03
 -9.1460306e-04
  4.4815022e-02
  1.1742612e-03
 -6.5744523e-04
  1.5646929e-01
  1.1141702e-03
 -3.2088563e-01
 -9.9490164e-05
  1.7027254e-04
  4.3790392e-04
 -7.2010881e-03
  1.2742939e-03
  2.4767613e-04
  4.1637931e-02
  6.1310558e-03
 -4.6826578e-03
  1.4874866e-03
 -1.2050854e-01
  5.1076023e-04
 -4.8220642e-02
  1.7749950e-03
  7.8121712e-03
  2.2579769e-02
 -2.8208885e-03
  1.1359229e-01
 -2.1168326e-03
 -2.3830365e-03
  6.5587327e-02
  7.3382258e-02
 -6.8585761e-04
 -1.2924752e-04
  1.8362767e-03
  6.9475595e-06
  1.3045377e-01
  1.9771210e-03
 -3.5822656e-04
 -1.2055939e-03
 -3.4827706e-03
  1.2353357e-04
 -8.6231355e-04
  3.2873708e-05
  1.0908804e-03
 -4.9678696e-04
  4.1859658e-03
  8.8305969e-04
 -7.3941296e-04
 -1.4061680e-03
 -1.7608868e-04
 -1.7577978e-03
  1.3501558e-03
  9.4396825e-04
  2.5343106e-04
 -8.9866453e-04
  8.8747282e-04
 -2.0865449e-03
 -5.2009505e-04
 -2.0623919e-04
  8.6725381e-04
 -1.4104032e-03
 -2.8221230e-03
 -2.1324013e-04
  7.7114396e-02
  4.3451026e-05
  1.4884372e-03
  1.4254001e-03
  4.1248664e-04
 -1.3572874e-03
 -3.1920213e-03
  2.5450907e-04
  3.4527614e-04
  5.9326070e-05
 -2.3932806e-04
  2.3208198e-03
 -1.5476797e-03
 -2.1265200e-04
  2.3010583e-03
 -5.9909094e-04
 -8.3031693e-05
  2.1126085e-04
  1.1543863e-03
  1.9503067e-03
  4.5057051e-04
 -7.6525961e-05
  2.9453011e-03
 -4.3805578e-04
 -2.3979465e-04
  6.1675295e-04
 -1.3754703e-03
 -1.2009822e-04
  4.9629359e-04
  3.6770075e-03
  8.5638138e-04
  1.3318410e-03
 -1.4735095e-04
  7.7495191e-05
  9.0609123e-05
 -6.5003312e-04
 -3.6055895e-03
  1.5612578e-03
 -5.2743539e-04
 -1.6054640e-03
 -1.3780508e-04
  9.5064053e-04
 -1.2191437e-03
 -1.0179620e-03
  2.2833776e-03
 -1.5740703e-04
  7.2969758e-04
  6.3679402e-04
 -1.9988092e-03
 -1.8881407e-03
 -1.9955818e-04
 -4.0428221e-04
 -3.0145873e-04
  9.4129454e-04
  5.0111697e-04
  7.8167534e-03
 -6.4641754e-05
 -1.3207080e-03
 -6.7744084e-05
  4.5044108e-05
  3.7630324e-04
  2.2597462e-03
 -4.4325268e-04
  7.1680261e-04
 -1.1440090e-04
  2.1438359e-04
  1.4876038e-03
  5.3956721e-04
 -4.2898828e-04
  1.3483643e-03
  6.6283077e-04
 -2.2646659e-03
  7.4561290e-04
  4.0615720e-04
 -1.4104679e-03
 -3.0912983e-04
  2.9489052e-04
 -1.9273255e-04
  1.6008586e-03
  4.0921057e-04
 -6.5416784e-04
  1.8900425e-04
 -2.7035133e-03
 -9.3250454e-04
 -9.1174217e-05
  9.2244911e-05
  2.9960780e-03
  3.9136410e-04
 -3.9447626e-05
  7.2036324e-05
 -2.4313845e-03
  1.6287564e-05
  8.1416214e-04
 -3.3324445e-04
 -1.1717670e-03
  1.0684511e-03
 -4.4747317e-04
  9.6923963e-05
 -3.4501997e-03
 -2.9647938e-04
 -1.5626477e-04
 -3.1495799e-04
 -5.7611345e-05
 -2.6925330e-03
 -1.3512131e-03
 -1.1864840e-03
  9.0602471e-04
 -1.3036875e-04
  2.0700735e-03
 -2.0155891e-04
 -3.2411537e-03
  3.5842680e-03
 -1.0532542e-04
 -2.5169835e-03
  2.0704065e-03
  1.3523529e-03
 -1.5330130e-05
  1.4387363e-02
  4.2735934e-03
  5.1312824e-04
 -1.6627595e-03
 -7.0348720e-04
 -1.5079768e-04
 -1.2500575e-03
 -1.0184949e-04
 -2.3191539e-03
 -6.6773166e-05
 -1.2999171e-03
 -2.4215123e-04
 -3.9525055e-03
  4.0593863e-04
 -7.6308043e-04
  3.1236207e-01
 -2.0223571e-04
 -1.0505726e-03
  5.6005409e-04
 -1.2924481e-03
 -6.9712056e-04
  2.0135781e-04
  6.5179926e-04
 -1.6476413e-04
 -1.1651492e-03
 -2.0061855e-04
  5.2915333e-05
 -1.7763645e-04
 -1.8400704e-03
  9.5886600e-05
  1.7175345e-04
 -3.0506577e-04
 -1.7236781e-04
  1.4060499e-03
 -1.2518188e-04
  4.9613994e-03
  1.2730577e-03
  9.5159543e-05
 -2.7474031e-04
  2.6585869e-03
 -8.8376185e-04
 -4.5779962e-03
 -1.1255172e-03
  1.8320006e-04
  1.3180262e-03
  1.0659011e-03
  1.9005906e-04
  2.2768558e-04
  2.7853768e-02
  2.1473992e-04
 -2.0559730e-03
  1.1593638e-03
 -1.4737558e-03
 -6.0206128e-04
 -3.6949178e-04
 -7.1724743e-04
  1.5530759e-01
 -1.4287555e-04
  1.3233201e-02
  2.1689944e-02
 -4.7935531e-01
  1.8253648e-03
 -1.7472535e-03
  2.2326335e-03
  2.7064508e-04
  5.3325878e-04
 -1.0823204e-01
 -4.4954631e-02
  1.4917932e-02
  9.4363134e-04
 -4.0932037e-02
 -3.0279561e-04
 -2.6823258e-01
 -4.1029640e-02
  1.2789042e-03
 -9.5452473e-05
 -6.3254446e-02
  5.5050695e-01
  8.7878697e-02
 -4.5845423e-02
 -1.1142584e-02
 -2.2800505e-01
 -1.1624228e-03
 -1.3538268e-01
  5.5277359e-04
 -4.9491644e-02
  1.2266419e-03
  2.7524460e-02
  1.4957038e-03
 -2.9125685e-04
  1.9582134e-01
  2.0479677e-02
 -2.4268964e-01
 -2.0400804e-04
  1.1282507e-03
  1.1118780e-03
  2.3456332e-05
  2.9421909e-04
 -9.2181616e-04
  5.0982647e-02
  3.5082236e-02
 -5.4454055e-02
  3.0904498e-03
 -1.5185295e-01
  2.4936628e-04
 -3.7207961e-02
 -3.3046614e-04
  2.6878194e-04
  1.5467961e-02
 -5.3869369e-03
  9.9457882e-02
 -9.1984635e-04
  1.7566738e-03
  4.2002961e-02
  1.9342682e-01
  3.3788946e-03
  4.5826842e-04
  3.0778119e-04
  2.6433414e-02
  9.9613722e-03
  5.0053559e-03
  6.7218614e-04
  2.6387440e-03
 -5.6645268e-04
  2.4549356e-01
  3.2779884e-03
 -2.4476079e-02
  1.9127614e-04
  4.1926213e-04
  6.5159415e-06
 -1.5856909e-03
 -1.1354294e-03
 -5.4270113e-01
 -2.2944381e-02
  2.0510259e-04
  4.9763113e-02
 -4.2161223e-02
 -5.0125194e-01
 -9.1332598e-03
 -7.6483193e-06
  3.8576307e-04
  8.1894186e-04
 -2.1284230e-03
  9.3799614e-04
  9.4899528e-02
 -4.1187733e-02
  3.7951735e-01
 -6.6922195e-03
 -2.8616835e-03
 -5.5892195e-04
 -1.9106491e-03
  3.7338561e-04
  2.2460593e-04
  4.5547020e-02
 -4.3813179e-05
  1.9085718e-03
  2.8049041e-02
  5.4094871e-03
 -3.4997009e-02
 -3.2634544e-04
 -2.7998511e-04
 -1.6988656e-03
 -1.8936100e-03
 -3.1223369e-04
  2.2307834e-04
  1.8962318e-02
  4.3293852e-03
  2.3455778e-03
 -7.3249871e-04
 -5.2682119e-03
  2.9525973e-04
 -8.4082060e-04
  1.8559655e-04
 -1.7820823e-04
  1.7063684e-03
 -5.1331911e-03
  2.3981527e-04
  2.4297037e-04
 -2.0449797e-03
  8.1062980e-04
 -1.7954643e-03
  2.8405924e-04
  9.7992865e-04
 -8.4003416e-04
  1.2850777e-03
  1.7464213e-03
  7.5424368e-06
  1.7479099e-01
  9.1987065e-05
  1.9082158e-03
  1.2146796e+00
  2.5779631e-05
  6.0985893e-01
 -1.6512569e-04
 -1.9902258e-01
 -4.4247287e-04
  4.7123456e-01
 -7.8901924e-02
  6.9314644e-02
 -2.6300806e-01
 -1.0205577e-03
 -2.0042572e-03
 -3.5941169e-01
  1.5320352e-03
 -1.0435303e-01
 -2.1674325e-04
 -1.6927545e-01
 -8.5128413e-04
 -1.0018585e-03
  9.5571089e-01
 -1.1119172e-02
 -8.2002379e-02
 -1.9242740e-01
 -9.5657003e-01
  9.2618976e-04
 -6.9190469e-03
 -6.7248978e-02
 -1.6300069e-01
  1.9928163e-02
  1.0086944e-01
  1.3897322e-03
  1.4757566e-03
  7.0360827e-04
  2.6265713e-03
 -1.1867610e-01
  9.1800728e-04
 -2.8368763e-03
 -1.9984371e-04
 -1.5463263e-03
  1.2295279e-03
 -9.8999823e-04
  1.0427824e-02
 -6.1634561e-04
  2.9375665e-03
  8.2401698e-04
 -7.2919641e-04
  3.2055809e-04
 -2.3571354e-04
 -6.3511667e-05
  4.3475148e-03
  5.1225007e-02
 -1.1038598e-04
  9.6424157e-03
  1.1382868e-03
  1.2016274e-03
  3.2196522e-02
 -5.8563298e-01
  2.6964981e-03
  4.5106778e-04
 -1.8331499e-03
 -6.6243229e-04
  1.9535087e-03
  2.3341896e-03
  1.3086993e-01
  1.0185985e-01
  4.6429280e-03
 -6.1953348e-01
  3.6480135e-01
 -2.4341367e-01
  2.3830892e-01
  9.4244713e-03
 -9.8757923e-02
 -1.1854481e-01
 -6.8017662e-02
 -2.4133839e-01
 -4.3134227e-02
  5.2539867e-01
 -1.8954675e-01
  4.3561880e-02
  1.2960157e-03
 -4.1401553e-01
 -3.3592892e-01
 -1.3847987e-02
 -9.0124264e-02
 -7.1960859e-02
  3.0717206e-01
  1.2823398e-01
  1.0176594e+00
  4.1013789e-01
 -1.9232337e-01
 -6.9196093e-01
 -9.2857711e-02
  4.5651072e-03
 -2.4519169e-01
 -1.4518723e-03
  3.1710282e-02
  1.4080590e-01
  5.1648277e-01
  4.3255833e-01
  1.0546738e-01
 -7.5136352e-01
 -7.6968690e-06
  8.2156004e-04
  2.1864405e-02
 -4.5467783e-02
  1.0707725e-03
  1.2971859e-02
 -1.7404453e-01
 -3.4516895e-01
  2.7760281e-03
  7.6654903e-04
 -8.3997737e-05
 -4.3800232e-04
 -2.4194798e-01
 -1.2251645e-03
  1.3305912e-03
  1.3466549e-01
  5.0425186e-04
 -7.4633971e-02
 -1.5545537e-01
  8.1822788e-03
  1.2821607e-01
  1.9783532e-02
  1.0962928e-04
 -2.2930703e-03
  1.5986275e-03
  4.5718765e-03
  2.4662238e-01
  2.0042215e-02
  1.8762833e-03
 -2.7200353e-04
  1.2518510e-03
  2.4649731e-04
  1.2879953e-03
 -2.7437862e-05
  2.1849066e-04
  7.1000675e-04
  2.6634999e-04
  5.2029290e-04
  2.7112688e-03
  8.6905964e-04
  1.7426140e-04
  3.5828480e-04
 -6.5001205e-04
  4.4328411e-04
  1.0633221e-03
  8.8855991e-04
 -3.2697141e-03
 -9.1089532e-05
  1.6830618e-03
 -1.5143710e-03
 -4.1858200e-04
  1.7352063e-03
 -8.6397800e-04
 -5.4981571e-04
 -1.5526298e-03
  7.1703357e-04
 -1.2531078e-04
  1.9602480e-04
 -2.3047910e-04
  7.2147604e-04
 -1.9618537e-04
  2.4372560e-03
 -1.6243639e-03
 -1.5168763e-03
 -8.8229368e-04
 -1.1131861e-03
  7.9840847e-04
  1.2725854e-03
 -4.0164383e-04
 -7.9311221e-04
  1.1344485e-03
 -3.0750006e-03
 -5.1363680e-04
 -7.0767049e-03
  1.2703777e-03
 -6.8758403e-05
  2.1539148e-04
  1.5820595e-03
  1.2600165e-03
  3.6010079e-03
 -2.1370064e-04
  1.1714641e-03
 -1.5782226e-03
 -8.9880644e-04
 -1.2358418e-03
 -6.0052960e-05
 -2.0865130e-03
 -1.2515354e-04
  3.0577293e-04
 -1.1209770e-03
  1.7658272e-03
  8.6546665e-05
 -2.1959143e-04
  9.9290174e-04
  1.0471185e-03
 -3.3086580e-03
 -7.2034408e-04
 -6.2348485e-02
  1.7227720e-03
  1.8933306e-02
 -2.5401805e-03
 -7.0856058e-04
  6.2823162e-04
 -7.8411691e-02
 -1.3950685e-03
 -3.2011533e-01
  1.7921288e-02
 -3.9661261e-03
 -3.5879407e-03
  1.1940668e-01
  3.0392627e-04
  1.1438683e-02
  3.7906624e-04
 -1.1440867e-03
 -2.7011416e-04
  6.3629873e-04
  2.2560748e-01
 -5.8806490e-02
  1.1043987e-01
  2.3826829e-01
  8.6053155e-02
 -6.4531987e-04
  6.3004979e-04
 -1.5507978e-04
  5.0240885e-03
 -1.0631093e-03
 -3.0563127e-02
 -1.6086611e-03
 -4.4627483e-03
 -3.5107296e-03
  2.4245739e-04
  2.2704029e-02
 -4.7677080e-04
 -3.7151119e-03
  6.4132799e-04
  1.3260359e-04
 -1.2397155e-05
 -3.2314923e-04
 -5.0588488e-03
  1.8943351e-03
 -2.1744755e-04
  7.1691029e-04
  1.6810300e-03
 -5.5727601e-04
  4.3625245e-03
 -1.0836623e-03
 -5.2432884e-03
  3.3784998e-04
  2.0753348e-03
 -1.1114734e-03
  1.6372997e-03
  2.4334979e-03
 -2.0537177e-01
  9.8206475e-03
 -1.5585507e-03
 -1.5018889e-03
 -2.5202209e-04
  4.1876544e-04
  6.2375417e-05
 -5.0197635e-04
  8.7904193e-02
 -3.9573197e-04
 -5.1673368e-04
  7.8632886e-04
  3.0411597e-04
 -7.0337313e-01
  4.0769274e-03
 -2.6187249e-03
  1.2039191e-03
  6.1902449e-02
 -2.3520526e-01
 -2.2877797e-01
 -2.3027582e-01
  1.3268438e-01
  4.5803953e-02
 -4.4102608e-03
  1.5101081e-04
 -2.6030132e-01
 -8.4004002e-03
  1.8932776e-01
  3.8090479e-03
 -1.3575474e-03
  5.9276247e-01
 -2.2178730e-01
  6.0453307e-02
 -1.1118527e-01
  7.2722709e-01
 -9.1074459e-04
 -7.1556248e-02
  1.6881444e-02
 -1.6875210e-01
 -1.7767592e-01
  1.0880303e-01
  2.6133422e-02
  1.0609349e-03
  1.1255236e-01
  3.2750133e-02
 -2.8320235e-01
  2.0425674e-03
 -3.5685902e-05
  8.4093882e-04
  1.1317536e-03
  2.8572811e-04
  2.4788424e-03
 -1.3848624e-01
 -1.7443508e-03
 -4.9791881e-01
 -1.5702420e-03
 -1.3211014e-02
  4.7076299e-04
 -1.3594995e-01
 -1.6575359e-03
 -3.5392932e-04
 -1.2490357e-02
 -1.2400427e-01
  7.0407577e-02
 -1.4313164e-01
 -1.0084777e-04
  8.8059060e-02
 -9.0801716e-02
  6.7977112e-04
  3.0019812e-04
  1.7130262e-03
 -1.6754278e-03
  3.8428515e-02
  1.2729166e-02
 -9.8924920e-02
 -5.7141628e-02
  6.7771057e-04
 -8.9854702e-02
  1.2391371e-01
 -1.1299580e-02
  3.4513548e-02
 -4.3879863e-02
 -1.0304552e-04
 -2.4311861e-02
 -1.7773665e-03
 -2.6941621e-01
 -2.0237845e-01
  1.9554785e-01
  5.9402483e-03
 -6.9067493e-02
 -3.7760992e-04
 -3.4613475e-01
 -5.9320886e-02
 -5.7871160e-03
  1.5429422e-03
 -1.2372143e-03
  2.3891178e-01
  5.7722043e-02
 -2.3633374e-02
 -2.6497442e-01
 -1.5035589e-01
 -1.8759350e-05
 -1.4121762e-01
  7.4765362e-02
 -5.0489354e-01
 -1.9113214e-01
  5.1653296e-02
  1.2569658e-01
  3.5747996e-04
  2.4681322e-01
  2.2847245e-02
 -1.8808672e-01
  1.3002995e-03
  2.1250464e-03
 -3.8532919e-05
 -7.3419143e-03
  2.1817165e-03
  2.4066865e-03
  6.0771015e-02
  3.1634770e-02
  7.7722981e-03
 -5.2363280e-04
 -2.0186046e-01
  3.4302403e-04
 -2.2203934e-01
 -5.3156173e-04
  8.0774568e-02
  9.9596344e-02
 -1.2573172e-02
  8.7723516e-02
 -2.0954397e-03
 -3.9657672e-05
  9.9762052e-02
  8.8749923e-02
 -9.4993197e-04
 -1.6482888e-03
  2.7538039e-04
  1.5603743e-01
  1.9951828e-01
  1.9973353e-03
 -5.6500913e-04
  1.0299811e-03
 -1.0258537e-03
  2.0033760e-04
  1.3655324e-04
  3.1241002e-03
  8.3166733e-04
  1.3862564e-03
  7.8071310e-04
 -9.1171474e-05
 -5.8027892e-04
 -1.7141721e-03
  8.3287270e-04
 -3.1254502e-04
 -9.3591388e-04
 -2.3452486e-03
  7.6241755e-05
 -2.6042562e-03
 -2.7793252e-05
  2.7374283e-05
 -2.1935587e-03
  2.0531586e-03
  2.1144205e-03
 -1.7267534e-03
  2.1090690e-04
 -7.5784558e-04
 -7.7898672e-04
  7.3518248e-05
 -1.6387672e-05
  6.9165527e-04
 -9.1244391e-04
 -1.9701389e-03
  9.0655213e-04
  1.1353766e-04
 -2.9055562e-04
 -4.4151093e-03
 -2.5508576e-03
  1.5732432e-03
 -4.4015676e-04
 -1.6250714e-03
  1.3384472e-03
  1.4924862e-03
  5.2420088e-05
 -1.8634085e-04
  6.2232371e-04
  3.0765703e-03
  1.3626418e-04
  1.5130043e-03
  5.8324041e-04
  1.1853862e-03
  1.9602470e-04
  6.5340148e-04
  5.6683109e-04
  2.5598507e-05
 -6.6052272e-04
 -5.5450429e-03
  2.1019685e-03
  3.2190819e-06
  4.3420726e-04
 -3.7597845e-05
  1.1201190e-03
 -3.4335032e-04
  9.5530493e-05
  4.0403055e-03
  8.4592582e-04
 -5.1685399e-04
 -3.4757536e-03
 -7.1818533e-04
  1.6160247e-04
 -1.4793513e-03
  6.0570467e-04
  1.0338000e-03
  6.2354258e-05
  2.2733768e-03
  1.5567994e-04
 -1.4728135e-04
 -5.1279168e-04
  2.4809334e-03
  1.0338915e-03
  2.3250215e-04
 -5.1832455e-04
  1.2601875e-03
 -1.2553701e-03
  4.4330509e-04
 -9.8417257e-04
 -1.9331243e-03
 -6.9013861e-04
  5.6048622e-04
  4.8831489e-04
 -5.8099773e-04
 -4.9978669e-04
  1.4699718e-05
 -1.0125795e-04
 -1.9520518e-03
  1.0649765e-04
 -1.8757618e-03
  3.6293376e-04
  4.5183185e-04
  1.6051010e-03
  1.6340298e-03
  1.0445531e-03
  2.8410086e-03
  5.5537053e-04
 -9.6845609e-04
  6.6353404e-04
 -2.7901310e-04
  1.0393384e-04
  4.7471182e-04
 -8.6363341e-04
 -2.8679433e-04
  8.0672436e-04
  2.3036105e-04
 -3.0508565e-04
 -6.6779634e-05
 -1.8751742e-03
 -1.1543315e-03
  7.9474831e-04
 -2.1500767e-03
  4.1142447e-04
 -3.8828247e-04
 -6.2746531e-04
 -1.6292812e-04
 -1.6490095e-03
  5.2179786e-04
 -6.7224647e-03
  1.7585808e-03
  1.1925028e-03
 -6.7377468e-03
 -4.0056329e-04
  1.3047203e-03
  1.1106558e-03
 -1.3614722e-04
  3.2247233e-04
  8.0394968e-03
  1.7502828e-04
  3.0254989e-04
 -3.3489740e-04
 -2.6879699e-03
  3.7436620e-03
 -7.2772859e-04
  4.5296818e-04
  2.4953815e-03
 -1.8997563e-03
 -7.0322014e-04
  7.3545927e-04
  2.1151279e-03
  7.1505092e-05
  2.4212679e-04
  5.8539980e-04
  8.6494714e-05
 -3.4085615e-04
 -2.4817267e-04
  7.4691843e-04
  1.1720377e-03
 -8.0796708e-05
 -8.0866004e-05
 -1.8176066e-03
 -6.5793988e-04
  7.0887007e-04
  1.2100521e-03
 -1.0127989e-03
 -1.4497502e-03
  2.0866269e-04
 -2.6664438e-03
  3.4692234e-06
 -1.0582088e-03
 -1.2967245e-03
 -3.0390261e-04
 -5.0362822e-04
 -1.0833076e-03
  1.1849604e-03
  6.9067391e-06
  8.2426757e-04
  2.0581685e-02
  5.7605805e-04
 -1.7626111e-05
  9.4020861e-04
 -2.1903958e-04
  1.8873197e-04
  1.3692011e-05
  6.8293343e-04
  2.6890484e-04
 -4.7201203e-05
 -1.0117105e-03
  8.2165928e-04
  2.1487761e-04
 -6.0996163e-04
 -5.6396925e-04
 -1.7233724e-03
 -9.8989601e-04
  1.7456063e-04
  8.5188483e-05
  4.3374853e-04
 -3.6624057e-04
  1.7048555e-03
  8.0115750e-04
 -4.0206691e-05
 -7.1258903e-05
 -4.3250006e-04
  1.8974604e-01
  5.7089201e-04
  1.0956261e-01
  1.0498479e-02
 -4.4107446e-01
  1.8323001e-02
  4.3999786e-03
 -2.2274572e-04
 -2.7135168e-03
  1.3382467e-03
 -3.6703296e-02
  1.2281976e-03
  2.0121487e-03
  8.6775869e-03
 -3.5128757e-02
  9.8759250e-04
 -4.9132843e-02
 -1.4449094e-01
  3.1817931e-04
  5.5180313e-03
  2.2883920e-04
  2.4873689e-02
 -3.1878266e-01
 -4.6543896e-01
  1.5626600e-01
  3.1310195e-01
 -3.7990350e-04
 -3.5608439e-03
  1.0833143e-04
 -3.3786718e-03
  2.5530159e-04
 -1.6094936e-02
  6.0898234e-04
 -4.0859025e-04
  1.1917138e-02
  9.4539049e-04
 -1.9466440e-01
 -1.3483124e-04
  2.0646111e-03
  1.6140254e-03
 -1.2874237e-03
  1.4791586e-03
  9.7119476e-04
  7.0475508e-05
  1.5223874e-03
  1.2002272e-03
  1.2302749e-04
 -3.9556548e-03
 -2.0687089e-03
 -2.3341859e-03
  1.2214499e-03
  4.5622338e-04
 -8.4946118e-04
 -1.6377978e-03
  4.8337936e-01
 -1.9638878e-04
 -7.0707401e-04
 -8.6111150e-04
  2.1254857e-01
  4.8295039e-04
  1.4485337e-04
 -1.8737975e-03
 -6.5679036e-05
  4.4197883e-03
  3.0337344e-04
 -1.5881905e-01
  6.0731973e-02
 -1.0546955e-04
 -1.5720217e+00
 -3.6574933e-01
  1.6033287e-01
 -1.0374216e+00
 -3.3841518e-01
  1.3575282e-04
 -1.2155400e-01
 -1.9938623e+00
  2.1977170e+00
  1.6800143e-02
 -7.9666689e-02
 -9.5136225e-01
  3.5731691e-01
  1.8138107e-04
 -1.7069768e-03
  1.2317814e-03
  5.5806077e-01
 -1.3315845e-02
  3.8091201e-04
 -3.2722348e-01
 -1.4021633e-03
  1.8016726e-01
 -7.8333390e-01
  7.6570231e-01
 -3.9819432e-03
 -1.6479533e-03
 -8.4209710e-01
  2.2599716e-01
  5.7648402e-03
  1.4900040e-02
 -2.2869386e-02
 -2.0794235e-03
  1.8695411e-05
 -2.2937693e-03
  4.2454684e-03
 -2.5139801e-04
 -5.4271490e-04
 -4.7952428e-05
 -4.7988721e-04
  6.3079287e-04
 -5.2106637e-04
 -1.8490088e-01
 -6.3048149e-03
  4.3272051e-01
 -1.0224627e-01
 -5.7366779e-03
 -2.4710776e-04
  9.7083219e-04
  4.6766197e-04
  3.4350876e-02
  1.4708837e-02
  4.9921649e-04
  8.1714541e-01
  1.4564352e-01
 -4.8255362e-02
  2.7424109e-01
  5.7207274e-01
 -3.9616448e-04
 -2.8267126e-03
 -6.6282944e-04
 -1.3525572e-04
 -6.7475326e-03
 -6.1065901e-02
 -9.2554145e-04
 -7.7559889e-05
  1.9531607e-04
 -1.6745161e-01
 -4.6062999e-04
  3.0272168e-01
 -1.2016495e-04
 -2.2533026e-03
  6.7279994e-05
  3.4014527e-05
 -9.7143710e-01
  1.4875405e-03
  9.9403580e-05
 -6.6966465e-04
 -3.6851768e-03
  5.4138810e-03
 -6.5881715e-05
  1.4147654e-03
  3.3819463e-04
 -2.4595694e-04
  7.8969559e-04
  6.8629644e-04
 -2.5922218e-03
  1.0182426e-03
 -6.5859850e-04
  4.4205133e-04
  4.4851285e-01
 -1.7582453e-03
  3.7928877e-04
  9.9811528e-04
  9.6494309e-04
 -4.5450413e-04
  2.0767468e-04
 -3.5986863e-03
 -3.5855407e-04
  9.3242183e-05
 -3.1901008e-04
 -2.2980763e-04
 -3.1410796e-03
  7.1342126e-04
 -1.2033262e-03
  9.9079660e-04
 -2.3148468e-04
 -1.7980182e-04
  6.7695446e-04
 -5.7140365e-04
 -9.4835245e-04
  2.6973339e-03
  1.2648725e-05
 -8.6035923e-04
  2.7532578e-05
  2.7291274e-03
  1.2173268e-03
 -4.3066628e-03
 -6.9705019e-04
 -3.2109518e-05
  1.6752940e-03
  8.3610014e-04
 -2.7014720e-04
  7.1278031e-05
  4.8795639e-04
 -8.3213730e-04
  5.7305943e-04
 -4.1368659e-04
  9.7193295e-04
  1.8415276e-03
  2.4082377e-03
  1.4177265e-03
  4.9945636e-05
 -1.6485960e-03
  6.3983770e-04
 -7.0231377e-05
 -4.4310768e-04
 -9.4625291e-05
 -1.9070112e-04
  8.6922763e-04
 -2.1927945e-04
  3.5784564e-05
 -2.6467387e-03
  1.1584906e-04
 -1.6161021e-03
  3.8650105e-04
 -1.1567553e-03
 -3.5329573e-04
  6.0086099e-05
 -1.1963008e-05
  1.5766906e-03
  1.1423993e-03
  6.9025380e-04
  2.0804619e-03
 -4.9035724e-02
 -1.0605803e-03
  2.1249475e-03
 -7.2151935e-04
 -5.4429407e-04
 -4.3861433e-05
 -2.4190563e-04
  1.6923493e-03
 -1.2495496e-03
 -7.4479591e-05
 -1.4957392e-05
  5.2392896e-04
 -1.6474568e-03
  1.2337730e-03
  7.2210812e-04
 -4.5893993e-04
 -3.9752349e-04
 -4.4421287e-04
  8.2963804e-04
 -8.2844734e-04
 -2.2057111e-03
  1.3667368e-05
 -1.8345482e-04
 -2.7241693e-03
  6.0954003e-04
 -2.6011525e-04
  7.7969496e-05
 -1.0085068e-04
 -8.3262019e-04
  1.6721226e-05
 -1.1094150e-03
  3.1947804e-04
 -7.2622148e-04
  4.7249888e-04
 -1.0991984e-03
  9.7568336e-05
  5.4043607e-04
 -2.9361469e-03
  5.7202905e-01
 -9.5595577e-05
 -1.5811928e-04
 -1.0090504e-03
  7.7809131e-04
  6.7366863e-04
 -2.6225281e-04
 -8.0281410e-05
  2.0710512e-03
 -7.6544922e-05
 -3.5631453e-04
 -5.1817624e-04
  3.7680358e-05
 -6.9575087e-04
  1.1423108e-03
  2.8468829e-04
 -4.9979676e-04
 -2.4984276e-03
 -3.1447122e-03
  5.0483295e-04
 -4.5499261e-04
  9.9892663e-05
  8.4270618e-04
 -3.5465613e-04
  1.7141046e-04
  8.6043525e-04
 -1.2171634e-03
 -7.1004318e-04
  1.4312436e-03
  3.2172041e-04
  7.0224499e-04
  5.3702219e-04
 -2.2525548e-03
  1.5240024e-03
 -2.9351976e-04
  3.1945747e-04
  5.1774282e-04
  2.2467168e-04
 -1.7457850e-03
  1.8757264e-04
  5.5073667e-04
 -3.6206678e-04
  7.8457833e-04
  4.2747995e-03
 -3.9794398e-04
  7.5248029e-04
 -1.2436063e-03
 -1.8413368e-03
 -3.2396422e-04
  2.7186910e-04
 -2.1031396e-03
  6.0471549e-04
  4.6333022e-05
  1.2716502e-03
 -1.3329462e-03
 -1.8995000e-03
 -5.5982359e-04
 -1.0189314e-04
 -2.4898057e-03
 -5.2333198e-04
  1.7320874e-04
  5.3244916e-04
  1.1671500e-03
  1.5873602e-03
  5.4003793e-04
  2.3729745e-03
 -1.2383106e-03
 -9.0248667e-04
 -6.1096333e-04
 -4.6877982e-04
  1.2185346e-01
 -5.3828251e-07
  3.9330317e-04
 -1.3067375e-02
  5.2919105e-02
  1.6962835e-01
  3.6269527e-02
  2.2567546e-01
  4.7364004e-02
  3.8790572e-03
 -8.1808197e-05
 -2.5751373e-02
 -4.5360015e-05
  2.7548445e-03
  8.2548898e-01
 -3.7159231e-02
  3.1094581e-03
  6.9652288e-04
 -2.2434650e-03
 -7.7083521e-04
  2.0856564e-03
 -2.6729708e-03
 -3.4885064e-01
  9.5714621e-02
  1.0727429e-01
 -1.9173530e-01
  4.3701103e-01
  9.6164527e-04
  2.0688854e-03
 -9.8715499e-03
 -3.2643965e-04
 -3.1591487e-01
  3.5929400e-01
  9.6593536e-03
  1.6872390e-03
  6.7811194e-03
  1.6347126e-03
 -6.3442141e-03
  3.2309403e-03
 -7.1687355e-05
  9.0017456e-05
 -2.2581308e-04
  7.9899146e-06
  3.9219807e-04
  1.6298496e-04
  2.0330583e-04
 -9.5448807e-02
 -2.9022491e-03
  4.3122371e-04
 -4.7064276e-04
  3.5000642e-04
 -1.5840630e-01
 -1.2368658e-03
 -2.3758787e-04
 -1.8980050e-03
  8.7501871e-04
 -8.6770626e-03
  4.9261912e-04
 -2.5708716e-02
  1.5868089e-05
  2.9007602e-03
  1.1533556e-04
  3.1611812e-03
  1.4555743e-02
  1.5171142e-02
 -2.8735281e-03
  3.8364620e-04
  1.7612912e-05
 -1.6295271e-03
  4.0384058e-02
  1.9328158e-05
 -5.8167181e-03
  1.4155575e-03
  3.2096494e-03
 -9.8141877e-04
  8.2969514e-04
  9.3281217e-04
  1.1731197e-02
 -1.4514934e-04
  2.5540648e-03
  9.1619687e-03
 -1.3300169e-01
 -1.2385040e-03
 -1.0582162e-01
  1.3916749e-03
  5.7493697e-05
  1.1438922e-03
  3.8106120e-04
  6.6573411e-02
 -5.4429227e-04
 -2.1545645e-03
  1.9236620e-03
 -8.1752867e-02
  5.8573968e-04
 -5.7076678e-02
 -3.1189257e-04
 -5.0010404e-04
 -6.5734464e-04
  5.9219591e-02
 -1.7030704e-04
  4.7028854e-05
  1.9093225e-02
  1.2057895e-03
 -8.5181691e-02
 -1.6568654e-04
 -1.5735930e-04
  1.1655062e-04
 -1.1117469e-03
  3.1764762e-04
  1.4407696e-04
  6.9772103e-03
  2.1319264e-03
  8.6530077e-04
  1.5192439e-03
 -1.1746708e-03
  7.5792719e-04
 -3.3479610e-03
  4.9917406e-04
 -1.2535002e-03
  3.2748145e-04
  3.6278006e-04
  1.2792308e-04
  1.5819455e-03
  2.9018929e-04
  3.8152151e-02
 -1.3926896e-01
  5.1466081e-06
  4.1495953e-04
 -1.0257007e-03
  2.6360285e-04
  3.8608201e-03
 -4.8276153e-04
  1.7028342e-03
  1.4374270e-04
  1.1368608e-04
 -4.5657814e-03
 -8.8725314e-03
  2.0851078e-03
 -9.0685824e-04
 -9.8278187e-04
  4.3761642e-03
  8.1782916e-04
 -2.5866914e-03
  2.3229045e-01
  6.9970377e-03
 -1.2460769e-03
 -8.7208031e-03
  1.8248316e-03
 -1.1588403e-03
  1.7816234e-04
  9.1940827e-05
 -1.5519864e-03
 -8.6832959e-05
 -6.5703044e-04
  8.4668619e-04
 -1.0449195e-03
  7.7350393e-05
  9.6929274e-05
  1.3877927e-01
  1.2672448e-04
  7.2092284e-04
 -2.6087346e-03
 -5.4443657e-04
  1.1946515e-03
 -3.7433244e-03
  2.2549150e-03
 -8.3628192e-04
 -3.4657645e-03
 -8.5771771e-04
  1.5366072e-03
 -7.5108001e-05
  5.5167871e-04
 -3.8249569e-04
 -7.3527312e-04
  2.1555109e-03
  4.8977294e-04
 -2.3457357e-03
  6.1358523e-04
 -2.8274259e-02
  1.4456811e-03
  1.6896059e-04
  1.1723859e-03
  2.4545114e-04
  2.4354272e-03
 -3.8202773e-04
  5.2558171e-04
  1.1041485e-03
  1.3445253e-03
  3.2160126e-04
 -3.3255685e-05
 -1.0590474e-03
  6.0476665e-04
 -2.9169573e-03
  4.7050236e-04
 -2.8341764e-04
  2.3557662e-04
 -2.4962458e-03
  1.2972580e-03
  8.3635683e-04
 -2.9947227e-02
 -2.6383363e-03
 -5.5614436e-01
 -7.3962472e-04
 -2.4557652e-04
 -2.7992125e-03
 -2.2939290e-03
 -4.8426166e-01
 -1.2585086e-04
  5.8913957e-03
  2.5838202e-01
  1.3382868e-03
  3.4610292e-01
  5.4696226e-01
  8.8836229e-01
  1.8279028e-01
  1.5971392e-01
 -2.0464846e-05
  9.2970760e-04
  1.2638648e-03
  1.8386723e-01
  2.9819804e-01
 -5.4398245e-01
  3.5549361e-01
 -3.8431941e-03
 -2.2316568e-03
 -3.4821581e-03
 -4.7832012e-01
  2.4909608e-03
 -1.9444716e-04
  1.1432823e-03
  2.8413558e-01
 -3.7672785e-01
  7.9546275e-04
  2.3512117e-04
  1.2775974e-03
 -7.8748637e-01
  4.2551775e-02
  1.0376797e-03
 -4.4171182e-05
 -2.8310302e-01
 -4.4652671e-02
 -8.7962222e-01
 -2.6138657e-04
  2.8787856e-03
 -2.5956547e-03
 -1.2168359e-04
 -9.1254109e-01
  2.0678118e-02
  1.0334663e-03
 -5.0585127e-01
 -1.4590794e-03
 -1.0905406e+00
  8.0912572e-01
 -1.4613844e+00
 -7.0457834e-01
 -7.0865566e-01
  1.3983557e-01
 -5.2118389e-04
  1.7524624e-01
 -7.2318822e-01
 -4.6100706e-01
 -3.5389504e-01
 -1.2593200e+00
 -7.0771400e-04
  3.5295469e-01
 -9.8203653e-01
 -8.5485762e-01
  3.4643846e-05
  3.4759224e-03
 -3.1703163e-02
 -4.5450288e-01
  4.3225795e-01
  1.6313973e-01
 -1.7746028e-03
  1.4511374e-03
 -7.6926512e-01
 -3.9028797e-01
  3.1209794e-01
  3.4825268e+00
 -5.5980504e-01
 -3.0901747e+00
 -1.8429692e-01
  2.3364596e-01
  7.9445481e-01
 -1.1257727e-01
  3.4232548e-04
  2.8052246e-03
  5.9437603e-01
  6.7161531e-03
  4.2874843e-01
 -7.9314114e-04
  5.5027334e-03
 -1.2979881e+00
 -2.1982739e+00
  1.0031378e-01
 -4.1635028e-01
  1.6104715e+00
 -6.4647925e-01
  7.9006394e-03
  1.3710455e+00
 -3.4024010e-03
  4.2954642e-02
  4.6651881e-02
 -2.8308230e-02
  8.8236505e-01
  4.8212627e-01
  5.0723914e-02
  6.4031565e-01
 -2.1680933e-01
 -3.3146489e-01
 -1.7018777e-03
 -9.7578868e-02
 -1.0620383e+00
  9.6216902e-02
  6.0856694e-01
 -1.9491787e-01
  1.8176879e+00
 -2.7373740e-01
  5.6121063e-01
  1.8411795e+00
  4.2400512e-04
 -3.9679377e-04
 -3.1274566e-03
 -4.9136770e-01
 -3.6420396e-03
  7.3141836e-02
 -5.6252455e-05
 -2.7348008e+00
 -2.4500506e-01
 -2.6257415e-03
  3.0673031e-02
  1.6728150e+00
 -1.6971847e-02
 -4.3518911e-03
 -2.6290489e-03
 -6.9056207e-01
  6.1702543e-01
  1.5884110e-01
  8.6640200e-04
 -6.2883817e-02
 -1.3365224e-01
  1.3649622e+00
  8.9249285e-03
 -1.1716862e+00
 -3.1000540e-01
 -8.3759770e-04
  2.0775972e-02
  1.5434787e+00
 -5.2826631e-01
  5.3772777e-01
 -4.1218929e-04
 -2.6660206e+00
 -1.5261181e-01
  7.7844720e-04
 -2.9720182e-03
  2.2739811e-01
  2.3146167e-01
 -1.7863230e-03
 -2.0856687e-05
 -2.5303954e-01
  2.2050827e-03
  2.6448932e-01
  6.1971112e-04
 -9.3047613e-01
 -6.3945964e-02
 -7.9625007e-04
  4.3466385e-03
 -2.0318530e+00
  8.7885559e-01
  2.5829239e-04
  7.2113425e-03
  1.4690830e-01
  7.7799004e-01
  1.1118443e-03
 -2.8864022e-03
 -3.5437474e-01
 -6.3868320e-01
 -4.0689355e-01
  2.1548814e-04
  2.6752338e-01
  1.8091178e-01
 -6.7642926e-05
 -1.6089072e-03
  5.7470900e-01
  2.7994269e-01
  4.3986688e-04
  2.2663190e-03
 -7.9284567e-01
 -6.4643300e-01
  1.2635069e+00
  3.9125169e-03
  3.6134657e-03
 -2.1407057e-03
 -3.2862546e-03
  2.1448180e-03
 -1.8059182e-03
 -1.3784894e-03
  3.8504604e-01
  1.0239083e-04
 -4.8563886e-01
  4.2032418e-04
  1.6067612e+00
 -4.0235855e-03
  8.3455980e-01
  9.4344019e-04
 -1.1335237e-01
  2.5684556e-03
  5.8404710e-03
  2.3047682e-03
  2.2402778e-01
 -6.4989447e-04
  9.0156585e-02
  2.9264259e-01
 -4.9542546e-02
 -3.9151165e-01
 -5.2123867e-02
 -3.0320190e-04
 -1.0076111e-01
  1.6849887e+00
  4.2547399e-01
  8.7643421e-05
  1.3245510e-01
 -8.7608171e-01
 -9.7112525e-01
 -1.9440211e-01
  3.0356990e-02
  3.5036396e-04
 -4.0027220e-03
 -1.6830649e-03
  4.8786446e-02
 -1.6308327e-04
  2.1592176e-01
  1.8998052e-01
 -2.6431316e-01
  1.5283196e-03
 -2.6016963e-01
  8.3008343e-01
 -3.5192434e-02
 -8.7643228e-02
  1.2135249e+00
  1.8347104e-05
  3.0613982e-03
 -3.6357885e-04
  2.7270503e-02
  3.9970077e-05
 -5.3087826e-04
  7.6618948e-04
  4.7679573e-01
  7.3493034e-02
  2.3734653e-01
 -6.6293572e-04
  1.6153430e+00
  2.0541966e-02
  1.2318476e-01
  6.1054403e-01
  7.9794180e-01
 -5.0870843e-02
 -4.5959484e-02
 -8.1479436e-01
  9.4056910e-01
  1.6102467e+00
 -1.7810789e+00
  1.7665853e-01
 -8.7008524e-01
  2.1628451e-03
 -1.3834565e-03
  5.7239910e-03
 -6.4928152e-02
  3.5126182e-01
  6.3012756e-02
 -5.9029069e-03
  1.4605412e+00
  5.2594125e-02
 -4.2465737e-01
 -6.0207337e-01
  1.2578655e+00
 -1.3069939e-03
 -1.3531536e-01
  9.7701542e-02
  1.5334573e-01
 -8.6238229e-01
  3.7580708e-01
 -1.7839678e-02
 -3.0269417e-01
  2.1066973e+00
 -1.7433487e-01
  8.9307632e-03
 -1.1742363e+00
  3.8740199e-02
 -5.6986535e-01
 -1.9044001e-02
 -6.3537294e-01
 -1.0531856e+00
 -5.3470500e-02
  9.6607786e-01
 -3.9410168e-01
 -1.1674725e-02
 -1.2061506e-03
  1.9964922e-04
  2.0767444e-01
  1.4233141e-03
 -1.1238307e-03
  1.1997522e-03
 -1.2195927e-01
 -2.1628025e-01
  3.2509241e-02
 -4.6745950e-04
  6.0800511e-01
  1.7485534e-01
 -7.4360906e-03
  2.4436526e-03
  1.0157313e+00
  5.5566940e-02
 -1.7125709e-02
 -6.3967509e-03
  1.7296609e+00
 -1.3471111e+00
  8.9726783e-02
  1.0675725e-03
 -7.6699966e-01
  2.1026702e-01
 -3.7218818e-01
  1.9985439e-02
 -6.6390127e-01
 -4.5311966e-04
  1.0449653e+00
  5.6577653e-01
  1.3081548e+00
  2.3790178e+00
  4.9812913e-01
 -4.6153423e-01
  9.8081803e-01
 -8.3972976e-02
  8.1175250e-01
  8.8545214e-04
 -9.7507215e-01
  1.5766660e-03
  6.1980064e-04
  8.3577132e-04
 -7.4442613e-01
 -1.0054996e-01
 -3.2168617e-03
 -9.7492832e-04
 -4.4446546e-01
 -1.4757820e+00
  1.4983163e-02
  8.3352588e-03
 -8.7282991e-01
  4.4481334e-01
  5.2626038e-01
  1.4629046e-03
 -4.4693686e-02
 -5.7883990e-01
 -3.0696337e-04
  6.7283720e-04
  5.8820778e-01
  3.4229655e-02
  8.2245417e-02
  4.3211135e-04
 -2.4106650e-02
 -9.2308408e-01
 -1.9574177e-03
 -7.9224614e-04
 -4.8676306e-01
 -2.4926232e-01
  3.4075447e-03
 -7.2248920e-04
  2.8641126e-01
 -1.1073057e-01
 -1.3064351e+00
 -1.1456205e-02
 -6.8512595e-01
 -1.3089952e-01
 -8.5724785e-04
 -3.2570842e-04
  6.6825485e-01
  4.9411023e-01
  1.7753101e-03
 -2.3576756e-01
  8.6425382e-01
 -4.1623625e-01
  1.5365012e-03
  1.1464363e-03
 -9.3450761e-01
 -3.5215658e-01
 -3.2686719e-03
  1.3659000e-03
  1.0499364e+00
  2.2990150e+00
  7.3187619e-02
 -2.5755947e-04
 -3.1194988e-01
 -1.4278427e-01
 -9.1334693e-02
 -2.8656243e-04
 -1.8073590e-01
 -5.0807166e-01
 -1.1501877e-04
 -2.1693679e-03
 -1.6686804e+00
 -4.1823264e-04
  6.2700007e-03
  3.9705960e-03
  7.7611470e-01
 -1.5551156e+00
 -5.6581646e-01
 -1.0493140e-01
  2.3247017e-01
  1.0730468e-02
 -5.0124186e-03
  2.2441884e-04
 -1.4457275e-01
 -4.2233450e-04
  5.1983669e-02
  4.9790754e-03
 -4.8917276e-01
 -6.1941211e-04
 -3.7494001e-01
  2.7565938e-01
 -1.6619743e+00
  1.1196602e-02
 -1.0414222e-03
 -1.9461913e-02
 -4.5667875e-01
 -4.6039471e-01
  2.3923712e-03
  5.1131919e-02
  2.9001064e+00
  3.8762501e-01
 -6.4705086e-01
  7.8304514e-02
  1.0439227e-01
  5.6749403e-01
 -1.6293350e+00
  6.1891162e-01
 -8.2156968e-01
 -3.2628486e-03
  3.3596927e-01
 -2.0931773e-01
 -1.4384664e-02
  7.3360855e-04
 -3.2357848e-01
  1.8218472e-03
  8.7595993e-01
 -2.9424758e-04
 -7.0220018e-03
  1.3541004e-05
 -4.8607177e-01
 -1.9988690e-03
 -3.9569205e-03
 -3.6360751e-04
  5.8445852e-02
  1.1910121e+00
 -1.4868019e+00
  8.0576181e-02
  3.2612062e+00
  4.8488889e-02
 -4.3175846e-01
  2.3305316e-04
 -2.8738922e-01
  1.2818644e+00
  3.5463818e-03
 -1.9835918e-01
  6.8009168e-02
  1.0376984e+00
 -9.2882566e-02
  6.1065141e-02
  1.3821650e+00
  3.9873809e-02
 -5.9504473e-01
 -2.0222354e-04
  1.3900133e-02
 -4.5862064e-02
  1.9326726e-01
 -3.8272652e-01
  1.9229943e-01
 -2.9324299e-01
  6.7898941e-01
  1.9891374e-02
 -1.3730409e+00
  4.9359795e-01
  5.7308298e-01
 -8.0389163e-04
  1.1256913e-02
 -1.9148989e-01
  4.3296465e-01
  9.6851617e-01
 -6.4891450e-02
 -1.5456475e+00
  2.1525927e+00
 -1.2138505e-01
  1.3995742e+00
  2.4834438e-01
  5.4113109e-02
  6.1675417e-01
 -1.0299517e+00
 -1.5601050e+00
  8.8333482e-01
  2.3690049e-01
 -1.7070316e-01
  1.7322938e+00
  9.2122942e-04
 -4.7284111e-01
  6.0343122e-01
 -1.4121413e+00
  4.1297147e-01
  5.6511915e-01
 -7.5087482e-01
 -1.1521904e+00
  1.9737082e-02
  8.2795769e-01
  5.7993269e-01
 -6.6168576e-01
  4.6555960e-01
  4.5642120e-01
  4.5068920e-02
  2.3360081e-01
  5.2887760e-02
  6.7863516e-03
 -2.3193023e+00
 -2.6217461e+00
  9.0171821e-02
 -4.9082544e-02
  5.5655724e-01
  1.9594591e+00
  1.5865732e+00
 -1.9957714e-03
  8.6728650e-01
 -3.4520548e-02
  5.1454067e-01
 -9.3090404e-03
 -6.1264670e-01
 -4.7308695e-01
  1.7859712e-01
  1.1464042e-03
 -1.2286102e+00
  7.1297884e-01
  2.1798772e-01
  1.4053557e-04
 -2.5396485e+00
 -8.9854580e-01
 -4.4297101e-03
  7.0189440e-04
 -7.4780047e-01
 -7.3463134e-02
  3.3627579e-01
  6.4115214e-01
 -1.4214410e-01
  2.3449653e-01
  4.9522215e-01
  1.8802826e+00
 -1.4282870e+00
  3.6225654e-02
  8.4330612e-05
  6.9997863e-05
  1.1545418e-01
 -2.2871702e+00
  5.6592026e-03
  2.5241442e-03
  7.1022373e-01
  2.0031693e+00
  6.3672346e-01
  3.2411623e-01
  7.5629658e-01
 -8.4175086e-01
 -9.2749763e-01
 -1.1358079e-01
  8.4766340e-01
 -3.1229392e-01
  1.3333570e+00
  9.5338468e-03
 -1.4847579e+00
  3.6976644e-01
 -1.9978064e+00
 -2.2303629e-01
 -1.0708324e+00
 -4.1780704e-01
  8.4583029e-02
  2.5313088e-01
 -6.9824785e-01
  9.4022846e-01
 -6.4156935e-02
  6.9985282e-01
  5.2108896e-01
 -9.3551748e-02
  1.3667308e+00
  6.1649911e-02
  3.4487569e-01
 -4.5893943e-01
  1.3959697e-01
 -6.5257185e-04
 -2.1322358e+00
 -1.3139873e+00
  2.1170326e-01
  5.4397464e-05
  8.9758480e-01
 -5.6636208e-01
  8.0341339e-01
  1.6571856e-01
 -1.2170370e+00
 -7.3855393e-02
  4.7084114e-01
 -4.0085759e-02
  4.5671564e-01
 -5.7195097e-01
 -3.7367161e-02
  1.8649168e-01
  4.0514207e-01
 -1.4637519e+00
 -4.4507942e-01
  1.1984264e-02
 -4.7534683e-01
 -1.7992875e-01
  7.6486087e-01
 -3.2936060e-01
  8.8193882e-01
 -8.5466248e-01
 -2.5179312e-01
  8.0593485e-01
 -1.0413463e+00
 -7.0225693e-02
 -1.3880279e+00
  7.6250124e-01
 -1.1324158e-01
  1.0580345e+00
 -2.1888694e-04
  1.1267835e-02
 -1.2953607e+00
 -9.1240126e-01
 -1.7631295e+00
  1.6883688e-01
  1.2462375e+00
  2.5387558e-01
  7.6263499e-01
  2.8959072e+00
 -1.6043532e+00
  1.4920343e+00
  1.1487567e-02
 -1.5420429e-01
 -1.2930708e+00
  2.5466904e-01
 -9.4850302e-01
  4.3264213e-01
  3.1640241e-01
  1.7131071e+00
 -9.2470562e-01
  1.3135196e+00
  1.1584429e+00
  4.6731296e-01
  1.0122082e+00
 -7.2838403e-02
  1.1183559e+00
  6.0120910e-01
  8.7356478e-01
  8.2499176e-02
 -3.6945435e-01
 -6.8118262e-01
 -1.2163554e-03
 -1.0182590e-03
 -5.2569300e-01
 -1.4362885e-03
 -1.2013721e-04
  2.7573810e-04
 -3.9850906e-01
 -5.0124478e-01
 -1.8688172e-04
  4.9500013e-05
  1.0328110e+00
 -2.3066360e-01
 -5.8291364e-04
  2.3326043e-03
  3.9855602e-01
 -9.7329396e-01
  1.7552396e-04
  5.4199092e-05
 -1.3354228e+00
  9.9511743e-02
 -7.7148736e-04
  1.3530157e-04
 -1.3342608e+00
 -1.2960827e+00
 -7.6205039e-04
 -9.6968398e-04
 -6.6838998e-01
  5.6560272e-01
  5.6395412e-04
  3.3772975e-04
 -9.6325982e-01
  1.6461293e+00
  3.7711510e-03
 -7.3727785e-04
 -2.9941016e-01
  3.9882982e-01
 -4.7704861e-01
 -6.1372747e-03
  4.0392045e-02
  1.0853049e+00
 -4.4263437e-02
  6.2937191e-04
  2.8277326e+00
 -4.2024496e-01
 -8.0375481e-01
  1.0711455e-04
  1.0011182e+00
 -3.7689087e-01
 -2.4523047e-01
 -5.2900165e-02
  1.1062137e+00
 -6.5676999e-01
  2.0659506e-01
 -1.1964724e-03
 -1.1188123e+00
  1.1114458e+00
 -1.4247942e-01
  2.0494084e-01
  6.8711674e-01
  7.3383048e-02
  8.3032972e-01
 -6.9411010e-02
 -2.3819132e-01
  5.3666490e-01
 -5.2712709e-01
  6.9861427e-02
  6.0926026e-01
  9.9738702e-02
 -1.8719646e+00
 -6.2785798e-01
  2.0545305e-01
  1.2746027e+00
  1.6226362e-01
  4.2739642e-01
 -1.7982876e-01
  4.1102376e-02
  2.7183577e-02
  2.2424327e-03
 -2.8225918e+00
  4.5642131e-03
 -4.2292599e-02
  1.7506419e-01
  2.2830395e-01
  1.2392589e+00
  6.4445072e-01
  8.6963378e-02
  1.2778357e-01
  1.3465123e+00
  7.5852029e-02
 -8.3289965e-04
 -1.4630055e-01
 -1.2515314e+00
  7.0597831e-05
  3.0924153e-01
  2.0788498e+00
  1.5707909e-01
  1.2254988e-01
 -7.2100828e-04
 -1.2175070e+00
 -2.1478329e+00
  5.6275707e-01
  2.3918654e-01
 -1.3242947e-01
 -6.0485947e-01
  7.1601588e-03
 -7.6363626e-04
  9.8156112e-01
  1.1767584e+00
  1.0499048e+00
  7.8422815e-01
 -5.5996245e-01
 -1.8448693e-01
  2.1642920e-01
 -1.9221791e-03
 -7.3580527e-01
  9.7098751e-03
 -6.2874305e-01
  2.7154356e-03
 -6.3706791e-01
 -2.9331413e-01
  5.1857412e-01
 -1.4854275e+00
 -1.0157169e+00
 -6.2597758e-01
  1.0879953e+00
  2.8139776e-01
 -4.8263130e-01
  1.0470282e+00
  6.4285046e-01
  7.5976413e-01
  6.1458081e-01
  1.9850826e+00
  1.5500312e+00
  5.4826636e-02
  1.1842589e+00
 -7.8140771e-01
 -1.5079223e-01
 -2.9822737e-03
  1.8918560e+00
  7.9839557e-01
  1.8018836e-02
 -3.2533500e-01
 -1.1256367e+00
 -1.5543826e+00
  7.0651688e-02
  3.5816267e-01
 -1.9715174e+00
 -2.7377553e+00
 -6.8180040e-03
  3.0204246e-03
  2.0289948e+00
  1.7120677e+00
  7.6881921e-01
  2.7027887e-01
 -1.9161874e+00
  2.1499297e-01
  1.8709221e-01
  4.8051104e-01
  1.3848976e+00
  1.5552691e-01
  6.4520514e-01
  4.6654407e-02
  3.2894504e-01
  1.1079676e+00
  5.2142841e-01
  9.5193458e-01
 -1.2037216e+00
 -1.7297386e+00
  1.2755805e-01
  1.5434803e-04
  4.4813120e-01
  5.4257643e-01
  7.0105302e-01
  1.0840663e-01
 -1.0407531e+00
  1.0325292e+00
 -5.4952013e-03
  1.3122500e-01
 -8.3676505e-01
  6.3690615e-01
  5.5686299e-02
 -2.5317308e-01
 -6.8733144e-01
  1.2262282e-03
  2.2317765e-04
  2.0891007e-03
 -1.4010731e+00
  1.1255523e+00
  2.4211923e-02
 -1.2500887e+00
  1.7407844e+00
  3.5876069e-02
  3.9060321e-01
  1.0894760e-02
  1.1344215e+00
  4.9614650e-01
 -4.3809724e-01
 -7.9434294e-01
 -9.1485626e-01
  2.0542238e+00
  8.0716707e-02
  6.8788964e-01
 -1.4149398e+00
 -4.9181998e-01
  9.9908042e-01
 -5.1449001e-01
  1.3174000e+00
 -3.2579714e-01
 -8.1431255e-02
 -1.0330033e+00
 -3.8113469e-01
 -7.5207022e-04
  1.5441188e-01
 -6.8016708e-01
  1.9588640e-02
  1.9588640e-02
  1.9588640e-02
  1.9588640e-02
  1.9588640e-02
  1.9588640e-02
  1.9588640e-02
  1.9588640e-02
  1.9588640e-02
  1.9588640e-02
  1.9588640e-02
  2.0505951e-01
  2.0505951e-01
  2.0505951e-01
  2.0505951e-01
  2.0505951e-01
  2.0505951e-01
  2.0505951e-01
  2.0505951e-01
  2.0505951e-01
  2.0505951e-01
  2.0505951e-01
  3.0934474e-01
  3.0934474e-01
  3.0934474e-01
  3.0934474e-01
  3.0934474e-01
  3.0934474e-01
  3.0934474e-01
  3.0934474e-01
  3.0934474e-01
  3.0934474e-01
  3.0934474e-01
  4.0789254e-02
  4.0789254e-02
  4.0789254e-02
  4.0789254e-02
  4.0789254e-02
  4.0789254e-02
  4.0789254e-02
  4.0789254e-02
  4.0789254e-02
  4.0789254e-02
  4.0789254e-02
  6.1745729e-02
  6.1745729e-02
  6.1745729e-02
  6.1745729e-02
  6.1745729e-02
  6.1745729e-02
  6.1745729e-02
  6.1745729e-02
  6.1745729e-02
  6.1745729e-02
  6.1745729e-02
  5.0137067e-01
  5.0137067e-01
  5.0137067e-01
  5.0137067e-01
  5.0137067e-01
  5.0137067e-01
  5.0137067e-01
  5.0137067e-01
  5.0137067e-01
  5.0137067e-01
  5.0137067e-01
